[2026-06-11T16:49:58+07:00] main       <info>   starting cycle=20260611_164958 at=2026-06-11T16:49:58.840309+07:00
[2026-06-11T16:49:58+07:00] main       <info>   output_root=/home/primary/data/backup-cycles
[2026-06-11T16:49:58+07:00] main       <info>   staging_root=/home/primary/data/backup-staging
[2026-06-11T16:49:58+07:00] main       <info>   state_db=/home/primary/data/backup-metadata/pfc_index.db
[2026-06-11T16:49:58+07:00] main       <info>   retention max_cycles=30 max_bytes=50.00 GiB cycle_cap=10.00 GiB
[2026-06-11T16:49:58+07:00] main       <info>   chain_version=chain-v1 versioned_cycles_root=/home/primary/data/backup-cycles/chain-v1
[2026-06-11T16:49:58+07:00] main       <info>   last_cycle_ts=<none>
[2026-06-11T16:49:59+07:00] pg         <info>   no new WAL files
[2026-06-11T16:49:59+07:00] fixtures   <good>   seeded target=/home/primary/data/unstructured/fixtures copied=25 skipped=0 bytes=9414820 elapsed=0.07s
[2026-06-11T16:49:59+07:00] main       <info>   staging_size=7.38 MiB checked_in=0.00s
[2026-06-11T16:49:59+07:00] main       <good>   wrote checksums=/home/primary/data/backup-staging/cycle_20260611_164958.tmp/checksums.sha256
[2026-06-11T16:49:59+07:00] main       <good>   finalized dir elapsed=0.00s
[2026-06-11T16:49:59+07:00] verify     <good>   ok elapsed=0.02s
[2026-06-11T16:49:59+07:00] main       <info>   retention elapsed=0.00s
[2026-06-11T16:49:59+07:00] main       <good>   completed cycle=20260611_164958 chain=chain-v1 elapsed=0.96s
[2026-06-11T17:06:33+07:00] telemetry  <info>   out_dir=/home/primary/data/monitor interval=10s
[2026-06-11T17:06:33+07:00] pg         <good>   totals=96,49,371 +0,0,0 latency=270.6ms
[2026-06-11T17:06:35+07:00] mongo      <good>   totals=44,86,345 +0,0,0 latency=1200.4ms
[2026-06-11T17:06:35+07:00] unstr      <good>   totals=22,1258567323 +0,0 latency=0.3ms
[2026-06-11T17:06:37+07:00] resource   <good>   [OK] Wrote resource usage to /home/primary/data/monitor/resource_usage.csv (5 docker rows)
[2026-06-11T17:12:10+0700] main       <info>   RPO=5min  transfer=1  target=recovery@192.168.10.129:/home/recovery/local-backup/incoming
[2026-06-11T17:12:10+0700] main       <info>   Orchestrator: /home/primary/utilities/backup/backup_orchestrator.py
[2026-06-11T17:12:10+0700] main       <info>   Env:          /home/primary/utilities/backup/backup.env
[2026-06-11T17:12:10+0700] main       <info>   Chain init:   chain-v1
[2026-06-11T17:12:10+0700] main       <info>   ──────────────────────────────────────────────────────
[2026-06-11T17:12:10+0700] main       <info>   Cycle #1 starting
[2026-06-11T17:12:10+07:00] main       <info>   starting cycle=20260611_171210 at=2026-06-11T17:12:10.438843+07:00
[2026-06-11T17:12:10+07:00] main       <info>   output_root=/home/primary/data/backup-cycles
[2026-06-11T17:12:10+07:00] main       <info>   staging_root=/home/primary/data/backup-staging
[2026-06-11T17:12:10+07:00] main       <info>   state_db=/home/primary/data/backup-metadata/pfc_index.db
[2026-06-11T17:12:10+07:00] main       <info>   retention max_cycles=30 max_bytes=50.00 GiB cycle_cap=10.00 GiB
[2026-06-11T17:12:10+07:00] main       <info>   chain_version=chain-v1 versioned_cycles_root=/home/primary/data/backup-cycles/chain-v1
[2026-06-11T17:12:10+07:00] main       <info>   last_cycle_ts=<none>
[2026-06-11T17:12:19+07:00] mongo      <good>   oplog compressed raw=1.05 MiB stored=50.98 KiB ratio=0.047 elapsed=0.02s
[2026-06-11T17:12:19+07:00] fixtures   <good>   seeded target=/home/primary/data/unstructured/fixtures copied=25 skipped=0 bytes=9414820 elapsed=0.07s
[2026-06-11T17:12:44+07:00] main       <info>   staging_size=200.11 MiB checked_in=0.01s
[2026-06-11T17:12:45+07:00] main       <good>   wrote checksums=/home/primary/data/backup-staging/cycle_20260611_171210.tmp/checksums.sha256
[2026-06-11T17:12:45+07:00] main       <good>   finalized dir elapsed=0.00s
[2026-06-11T17:12:45+07:00] verify     <good>   ok elapsed=0.46s
[2026-06-11T17:12:45+07:00] pg         <info>   state pg_last_wal_fname=000000010000000000000005
[2026-06-11T17:12:45+07:00] main       <info>   retention elapsed=0.02s
[2026-06-11T17:12:45+07:00] transfer   <info>   pushing to 1 destination(s) as 'chain-v1/20260611_171210': ['recovery@192.168.10.129:/home/recovery/local-backup/incoming']
[2026-06-11T17:12:50+07:00] transfer   <good>   all 1 destination(s) OK elapsed=5.14s
[2026-06-11T17:12:50+07:00] main       <info>   Deleting local cycle since it was transferred: /home/primary/data/backup-cycles/chain-v1/20260611_171210
[2026-06-11T17:12:51+07:00] main       <good>   completed cycle=20260611_171210 chain=chain-v1 elapsed=40.80s
[2026-06-11T17:12:51+0700] main       <good>   Cycle #1 completed OK
[2026-06-11T17:12:51+0700] main       <info>   Sleeping 5m until next cycle …
[2026-06-11T17:17:51+0700] main       <info>   ──────────────────────────────────────────────────────
[2026-06-11T17:17:51+0700] main       <info>   Cycle #2 starting
[2026-06-11T17:17:51+07:00] main       <info>   starting cycle=20260611_171751 at=2026-06-11T17:17:51.504454+07:00
[2026-06-11T17:17:51+07:00] main       <info>   output_root=/home/primary/data/backup-cycles
[2026-06-11T17:17:51+07:00] main       <info>   staging_root=/home/primary/data/backup-staging
[2026-06-11T17:17:51+07:00] main       <info>   state_db=/home/primary/data/backup-metadata/pfc_index.db
[2026-06-11T17:17:51+07:00] main       <info>   retention max_cycles=30 max_bytes=50.00 GiB cycle_cap=10.00 GiB
[2026-06-11T17:17:51+07:00] main       <info>   chain_version=chain-v1 versioned_cycles_root=/home/primary/data/backup-cycles/chain-v1
[2026-06-11T17:17:51+07:00] main       <info>   last_cycle_ts=1781172765 (2026-06-11T17:12:45+07:00)
[2026-06-11T17:17:52+07:00] mongo      <good>   oplog compressed raw=451.43 KiB stored=22.58 KiB ratio=0.050 elapsed=0.01s
[2026-06-11T17:17:52+07:00] fixtures   <good>   seeded target=/home/primary/data/unstructured/fixtures copied=0 skipped=25 bytes=0 elapsed=0.00s
[2026-06-11T17:17:54+07:00] main       <info>   staging_size=16.11 MiB checked_in=0.00s
[2026-06-11T17:17:54+07:00] main       <good>   wrote checksums=/home/primary/data/backup-staging/cycle_20260611_171751.tmp/checksums.sha256
[2026-06-11T17:17:54+07:00] main       <good>   finalized dir elapsed=0.00s
[2026-06-11T17:17:54+07:00] verify     <good>   ok elapsed=0.04s
[2026-06-11T17:17:54+07:00] pg         <info>   state pg_last_wal_fname=000000010000000000000006
[2026-06-11T17:17:54+07:00] main       <info>   retention elapsed=0.00s
[2026-06-11T17:17:54+07:00] transfer   <info>   pushing to 1 destination(s) as 'chain-v1/20260611_171751': ['recovery@192.168.10.129:/home/recovery/local-backup/incoming']
[2026-06-11T17:17:56+07:00] transfer   <good>   all 1 destination(s) OK elapsed=1.90s
[2026-06-11T17:17:56+07:00] main       <info>   Deleting local cycle since it was transferred: /home/primary/data/backup-cycles/chain-v1/20260611_171751
[2026-06-11T17:17:56+07:00] main       <good>   completed cycle=20260611_171751 chain=chain-v1 elapsed=5.06s
[2026-06-11T17:17:56+0700] main       <good>   Cycle #2 completed OK
[2026-06-11T17:17:56+0700] main       <info>   Sleeping 5m until next cycle …
[2026-06-11T17:22:56+0700] main       <info>   ──────────────────────────────────────────────────────
[2026-06-11T17:22:56+0700] main       <info>   Cycle #3 starting
[2026-06-11T17:22:56+07:00] main       <info>   starting cycle=20260611_172256 at=2026-06-11T17:22:56.728136+07:00
[2026-06-11T17:22:56+07:00] main       <info>   output_root=/home/primary/data/backup-cycles
[2026-06-11T17:22:56+07:00] main       <info>   staging_root=/home/primary/data/backup-staging
[2026-06-11T17:22:56+07:00] main       <info>   state_db=/home/primary/data/backup-metadata/pfc_index.db
[2026-06-11T17:22:56+07:00] main       <info>   retention max_cycles=30 max_bytes=50.00 GiB cycle_cap=10.00 GiB
[2026-06-11T17:22:56+07:00] main       <info>   chain_version=chain-v1 versioned_cycles_root=/home/primary/data/backup-cycles/chain-v1
[2026-06-11T17:22:56+07:00] main       <info>   last_cycle_ts=1781173074 (2026-06-11T17:17:54+07:00)
[2026-06-11T17:22:58+07:00] mongo      <good>   oplog compressed raw=522.52 KiB stored=26.12 KiB ratio=0.050 elapsed=0.01s
[2026-06-11T17:22:58+07:00] fixtures   <good>   seeded target=/home/primary/data/unstructured/fixtures copied=0 skipped=25 bytes=0 elapsed=0.00s
[2026-06-11T17:22:59+07:00] main       <info>   staging_size=16.10 MiB checked_in=0.00s
[2026-06-11T17:22:59+07:00] main       <good>   wrote checksums=/home/primary/data/backup-staging/cycle_20260611_172256.tmp/checksums.sha256
[2026-06-11T17:22:59+07:00] main       <good>   finalized dir elapsed=0.00s
[2026-06-11T17:22:59+07:00] verify     <good>   ok elapsed=0.08s
[2026-06-11T17:22:59+07:00] pg         <info>   state pg_last_wal_fname=000000010000000000000007
[2026-06-11T17:22:59+07:00] main       <info>   retention elapsed=0.00s
[2026-06-11T17:22:59+07:00] transfer   <info>   pushing to 1 destination(s) as 'chain-v1/20260611_172256': ['recovery@192.168.10.129:/home/recovery/local-backup/incoming']
[2026-06-11T17:23:01+07:00] transfer   <good>   all 1 destination(s) OK elapsed=2.05s
[2026-06-11T17:23:01+07:00] main       <info>   Deleting local cycle since it was transferred: /home/primary/data/backup-cycles/chain-v1/20260611_172256
[2026-06-11T17:23:01+07:00] main       <good>   completed cycle=20260611_172256 chain=chain-v1 elapsed=4.70s
[2026-06-11T17:23:01+0700] main       <good>   Cycle #3 completed OK
[2026-06-11T17:23:01+0700] main       <info>   Sleeping 5m until next cycle …
[2026-06-11T18:06:25+07:00] main       <info>   starting cycle=20260611_180625 at=2026-06-11T18:06:25.867826+07:00
[2026-06-11T18:06:25+07:00] main       <info>   output_root=/home/primary/data/backup-cycles
[2026-06-11T18:06:25+07:00] main       <info>   staging_root=/home/primary/data/backup-staging
[2026-06-11T18:06:25+07:00] main       <info>   state_db=/home/primary/data/backup-metadata/pfc_index.db
[2026-06-11T18:06:25+07:00] main       <info>   retention max_cycles=30 max_bytes=50.00 GiB cycle_cap=10.00 GiB
[2026-06-11T20:29:23+0700] main       <info>   RPO=5min  transfer=1  target=recovery@192.168.10.129:/home/recovery/local-backup/incoming
[2026-06-11T20:29:23+0700] main       <info>   Orchestrator: /home/primary/utilities/backup/backup_orchestrator.py
[2026-06-11T20:29:23+0700] main       <info>   Env:          /home/primary/utilities/backup/backup.env
[2026-06-11T20:29:23+0700] main       <info>   Chain init:   chain-v2
[2026-06-11T20:29:23+0700] main       <info>   ──────────────────────────────────────────────────────
[2026-06-11T20:29:23+0700] main       <info>   Cycle #1 starting
[2026-06-11T20:29:23+07:00] main       <info>   starting cycle=20260611_202923 at=2026-06-11T20:29:23.644764+07:00
[2026-06-11T20:29:23+07:00] main       <info>   output_root=/home/primary/data/backup-cycles
[2026-06-11T20:29:23+07:00] main       <info>   staging_root=/home/primary/data/backup-staging
[2026-06-11T20:29:23+07:00] main       <info>   state_db=/home/primary/data/backup-metadata/pfc_index.db
[2026-06-11T20:29:23+07:00] main       <info>   retention max_cycles=30 max_bytes=50.00 GiB cycle_cap=10.00 GiB
[2026-06-11T20:29:23+07:00] main       <info>   chain_version=chain-v1 versioned_cycles_root=/home/primary/data/backup-cycles/chain-v1
[2026-06-11T20:29:23+07:00] main       <info>   last_cycle_ts=1781173379 (2026-06-11T17:22:59+07:00)
[2026-06-11T20:29:37+07:00] mongo      <good>   oplog compressed raw=16.66 MiB stored=953.61 KiB ratio=0.056 elapsed=0.21s
[2026-06-11T20:29:37+07:00] fixtures   <good>   seeded target=/home/primary/data/unstructured/fixtures copied=0 skipped=25 bytes=0 elapsed=0.00s
[2026-06-11T20:29:41+07:00] main       <info>   staging_size=599.66 MiB checked_in=0.00s
[2026-06-11T20:29:43+07:00] main       <good>   wrote checksums=/home/primary/data/backup-staging/cycle_20260611_202923.tmp/checksums.sha256
[2026-06-11T20:29:43+07:00] main       <good>   finalized dir elapsed=0.01s
[2026-06-11T20:29:45+07:00] verify     <good>   ok elapsed=1.58s
[2026-06-11T20:29:45+07:00] pg         <info>   state pg_last_wal_fname=00000001000000000000002C
[2026-06-11T20:29:45+07:00] main       <info>   retention elapsed=0.00s
[2026-06-11T20:29:45+07:00] transfer   <info>   pushing to 1 destination(s) as 'chain-v1/20260611_202923': ['recovery@192.168.10.129:/home/recovery/local-backup/incoming']
[2026-06-11T20:29:56+07:00] transfer   <good>   all 1 destination(s) OK elapsed=10.84s
[2026-06-11T20:29:56+07:00] main       <info>   Deleting local cycle since it was transferred: /home/primary/data/backup-cycles/chain-v1/20260611_202923
[2026-06-11T20:29:56+07:00] main       <good>   completed cycle=20260611_202923 chain=chain-v1 elapsed=32.93s
[2026-06-11T20:29:56+0700] main       <good>   Cycle #1 completed OK
[2026-06-11T20:29:56+0700] main       <info>   Sleeping 5m until next cycle …
[2026-06-12T17:19:19+07:00] [SELECT]   <info>   Using explicit chain version: /home/primary/data/backup-cycles/chain-v1
[2026-06-12T17:19:34+07:00] [SELECT]   <info>   Using explicit chain version: /home/primary/data/backup-cycles/chain-v1
[2026-06-12T17:24:09+0700] main       <log>    ━━━━━━━━━━━━━━━━━━━━━━━━━━━━━━━━━━━━━━━━━━━━━━━━━━━━━━━━━━━━━
[2026-06-12T17:24:09+0700] main       <log>    VM1 → VM2 Restore Request
[2026-06-12T17:24:09+0700] main       <log>      version : chain-v1
[2026-06-12T17:24:09+0700] main       <log>      chain   : 4
[2026-06-12T17:24:09+0700] main       <log>      source  : local
[2026-06-12T17:24:09+0700] main       <log>      push→vm1: true
[2026-06-12T17:24:09+0700] main       <log>    ━━━━━━━━━━━━━━━━━━━━━━━━━━━━━━━━━━━━━━━━━━━━━━━━━━━━━━━━━━━━━
[2026-06-12T17:24:09+0700] main       <info>   Checking SSH to VM2 (recovery@192.168.10.129) …
[2026-06-12T17:24:10+0700] main       <good>   SSH OK
[2026-06-12T17:24:10+0700] main       <info>   Request ID: restore-1781259850
[2026-06-12T17:24:10+0700] main       <info>   Request JSON:
[2026-06-12T17:24:10+0700] main       <info>   Sending request to VM2 …
[2026-06-12T17:24:10+0700] main       <good>   Request dropped: /home/recovery/local-backup/restore-requests/restore-1781259850.json
[2026-06-12T17:24:10+0700] main       <info>   Polling VM2 for completion (timeout=600s, interval=3s) …
[2026-06-12T17:24:10+0700] main       <info>     Waiting for VM2 to pick up request… (0s elapsed)
[2026-06-12T17:24:14+0700] main       <info>     Waiting for VM2 to pick up request… (3s elapsed)
[2026-06-12T17:24:17+0700] main       <info>     Waiting for VM2 to pick up request… (6s elapsed)
[2026-06-12T17:24:21+0700] main       <info>     Waiting for VM2 to pick up request… (9s elapsed)
[2026-06-12T17:24:24+0700] main       <info>     Waiting for VM2 to pick up request… (12s elapsed)
[2026-06-12T17:24:27+0700] main       <info>     VM2 is processing… (15s elapsed)
[2026-06-12T17:24:31+0700] main       <info>     VM2 is processing… (18s elapsed)
[2026-06-12T17:24:35+0700] main       <info>     VM2 is processing… (21s elapsed)
[2026-06-12T17:24:38+0700] main       <info>     VM2 is processing… (24s elapsed)
[2026-06-12T17:24:42+0700] main       <info>     VM2 is processing… (27s elapsed)
[2026-06-12T17:24:45+0700] main       <info>     VM2 is processing… (30s elapsed)
[2026-06-12T17:24:48+0700] main       <info>     VM2 is processing… (33s elapsed)
[2026-06-12T17:24:52+0700] main       <info>     VM2 is processing… (36s elapsed)
[2026-06-12T17:24:55+0700] main       <info>     VM2 is processing… (39s elapsed)
[2026-06-12T17:24:59+0700] main       <info>     VM2 is processing… (42s elapsed)
[2026-06-12T17:25:03+0700] main       <info>     VM2 is processing… (45s elapsed)
[2026-06-12T17:25:06+0700] main       <good>   VM2 restore complete.
[2026-06-12T17:25:06+0700] main       <info>   Cycles received in /home/primary/data/backup-incoming/chain-v1/:
[2026-06-12T17:25:06+0700] main       <good>   4 cycle(s) ready in backup-incoming
[2026-06-12T17:25:06+0700] main       <info>   Bumping chain version in state DB …
[2026-06-12T17:25:06+0700] main       <good>   Chain version bumped → chain-v2
[2026-06-12T17:25:06+0700] main       <info>   Next backup cycle will write to backup-cycles/chain-v2/
[2026-06-12T17:25:06+0700] main       <log>    ━━━━━━━━━━━━━━━━━━━━━━━━━━━━━━━━━━━━━━━━━━━━━━━━━━━━━━━━━━━━━
[2026-06-12T17:25:06+0700] main       <good>   Restore data is ready. Run this to replay into live DBs:
[2026-06-12T17:25:06+0700] main       <log>    ━━━━━━━━━━━━━━━━━━━━━━━━━━━━━━━━━━━━━━━━━━━━━━━━━━━━━━━━━━━━━
[2026-06-12T17:25:32+07:00] [SELECT]   <info>   Using explicit chain version: /home/primary/data/backup-incoming/chain-v1
[2026-06-12T17:25:32+07:00] [SELECT]   <info>   --chain 4: selecting first 4 of 4 cycles (oldest→newest): ['20260611_171210', '20260611_171751', '20260611_172256', '20260611_202923']
[2026-06-12T17:25:32+07:00] [RESTORE]  <info>   Base unstructured: /home/primary/data/unstructured
[2026-06-12T17:25:32+07:00] [RESTORE]  <info>   Output root:       /home/primary/data/backup-incoming
[2026-06-12T17:25:32+07:00] [RESTORE]  <info>   Cycles:            4
[2026-06-12T17:25:32+07:00] [VERIFY]   <info>   Verifying latest cycle: /home/primary/data/backup-incoming/chain-v1/20260611_202923 (raw=False)
[2026-06-12T17:25:33+07:00] [VERIFY]   <info>   OK
[2026-06-12T17:25:33+07:00] [PFC]      <info>   Copying base unstructured -> /home/primary/data/unstructured
[2026-06-12T17:25:33+07:00] [PFC]      <info>   Base copy: files=0 bytes=0 elapsed=0.00s
[2026-06-12T17:25:33+07:00] [RESTORE]  <info>   Reading manifest: /home/primary/data/backup-incoming/chain-v1/20260611_171210/manifest.json
[2026-06-12T17:25:33+07:00] [PFC]      <info>   Applying PFC deltas from /home/primary/data/backup-incoming/chain-v1/20260611_171210: count=1245
[2026-06-12T17:25:41+07:00] [RESTORE]  <info>   Reading manifest: /home/primary/data/backup-incoming/chain-v1/20260611_171751/manifest.json
[2026-06-12T17:25:41+07:00] [PFC]      <info>   Applying PFC deltas from /home/primary/data/backup-incoming/chain-v1/20260611_171751: count=21
[2026-06-12T17:25:41+07:00] [RESTORE]  <info>   Reading manifest: /home/primary/data/backup-incoming/chain-v1/20260611_172256/manifest.json
[2026-06-12T17:25:41+07:00] [PFC]      <info>   Applying PFC deltas from /home/primary/data/backup-incoming/chain-v1/20260611_172256: count=14
[2026-06-12T17:25:41+07:00] [RESTORE]  <info>   Reading manifest: /home/primary/data/backup-incoming/chain-v1/20260611_202923/manifest.json
[2026-06-12T17:25:41+07:00] [PFC]      <info>   Applying PFC deltas from /home/primary/data/backup-incoming/chain-v1/20260611_202923: count=155
[2026-06-12T17:25:47+07:00] [PG][STAGE] <info>   Merged WAL from 4 cycle(s) into single stream: 45 files -> /home/primary/data/backup-incoming/pg/merged_wal
[2026-06-12T17:25:47+07:00] [PG]       <info>   Single-pass WAL staging: files=45 merged_dir=/home/primary/data/backup-incoming/pg/merged_wal
[2026-06-12T17:25:47+07:00] [PG]       <info>   Restored basebackup artifacts: files_copied=1 -> /home/primary/data/backup-incoming/pg/basebackup
[2026-06-12T17:25:47+07:00] [MONGO]    <info>   Decompressed oplog delta: /home/primary/data/backup-incoming/chain-v1/20260611_171210/mongo/oplog_delta.json.z -> /home/primary/data/backup-incoming/mongo/oplog_delta.20260611_171210.json bytes=1099275
[2026-06-12T17:25:47+07:00] [MONGO]    <info>   Decompressed oplog delta: /home/primary/data/backup-incoming/chain-v1/20260611_171751/mongo/oplog_delta.json.z -> /home/primary/data/backup-incoming/mongo/oplog_delta.20260611_171751.json bytes=462263
[2026-06-12T17:25:47+07:00] [MONGO]    <info>   Decompressed oplog delta: /home/primary/data/backup-incoming/chain-v1/20260611_172256/mongo/oplog_delta.json.z -> /home/primary/data/backup-incoming/mongo/oplog_delta.20260611_172256.json bytes=535059
[2026-06-12T17:25:47+07:00] [MONGO]    <info>   Decompressed oplog delta: /home/primary/data/backup-incoming/chain-v1/20260611_202923/mongo/oplog_delta.json.z -> /home/primary/data/backup-incoming/mongo/oplog_delta.20260611_202923.json bytes=17466313
[2026-06-12T17:25:47+07:00] [MONGO]    <info>   Restored basebackup artifacts: files_copied=1 -> /home/primary/data/backup-incoming/mongo/basebackup
[2026-06-12T17:25:47+07:00] [RESTORE]  <info>   Done: out_root=/home/primary/data/backup-incoming pfc_chunks_applied=1435 verified_ok=1435 verified_fail=0 wal_merged_dir=/home/primary/data/backup-incoming/pg/merged_wal
[2026-06-12T17:25:47+07:00] [PROMOTE]  <info>   Starting as live stack: container=postgres_live port=5432
[2026-06-12T17:25:48+07:00] [CMD]      <info>   docker run --rm -u root -v /home/primary/data/transactional/postgres/data:/var/lib/postgresql/data -v /home/primary/data/backup-incoming/pg/basebackup/20260611_171210/base.tar.gz:/base.tar.gz:ro postgres:15-alpine sh -lc rm -rf /var/lib/postgresql/data/* && tar -xzf /base.tar.gz -C /var/lib/postgresql/data && chown -R postgres:postgres /var/lib/postgresql/data && touch /var/lib/postgresql/data/recovery.signal
[2026-06-12T17:25:51+07:00] [CMD]      <info>   docker rm -f postgres_live
[2026-06-12T17:25:51+07:00] [CMD]      <info>   docker run -d --name postgres_live -p 5432:5432 -v /home/primary/data/transactional/postgres/data:/var/lib/postgresql/data -v /home/primary/data/backup-incoming/pg/merged_wal:/wal:ro postgres:15-alpine -c restore_command=cp /wal/%f %p
[2026-06-12T17:25:52+07:00] [PG][RESTORE] <info>   Started container=postgres_live host_port=5432 PGDATA=/home/primary/data/transactional/postgres/data merged_WAL=/home/primary/data/backup-incoming/pg/merged_wal
[2026-06-12T17:25:52+07:00] [PROMOTE]  <info>   Starting as live stack: container=mongodb_live port=27017
[2026-06-12T17:25:52+07:00] [CMD]      <info>   docker rm -f mongodb_live
[2026-06-12T17:25:52+07:00] [CMD]      <info>   docker run -d --name mongodb_live -p 27017:27017 -v /home/primary/data/transactional/mongo/data:/data/db mongo:7.0 --bind_ip_all
[2026-06-12T17:25:56+07:00] [MONGO][RESTORE] <info>   Started container=mongodb_live host_port=27017 data=/home/primary/data/transactional/mongo/data
[2026-06-12T17:25:56+07:00] [MONGO][OPLOG] <info>   Applying delta: /home/primary/data/backup-incoming/mongo/oplog_delta.20260611_171210.json
[2026-06-12T17:25:56+07:00] [CMD]      <info>   docker cp /home/primary/data/backup-incoming/mongo/oplog_delta.20260611_171210.json mongodb_live:/tmp/oplog_delta.json
[2026-06-12T17:26:01+07:00] [MONGO][OPLOG] <info>   APPLIED=757 SKIPPED=947 FAILED=0 | skipped_dup_insert=836 skipped_unsupported_update=0 skipped_cmd=0 | failed_i=0 failed_u=0 failed_d=0
[2026-06-12T17:26:01+07:00] [MONGO][OPLOG] <info>   Applying delta: /home/primary/data/backup-incoming/mongo/oplog_delta.20260611_171751.json
[2026-06-12T17:26:01+07:00] [CMD]      <info>   docker cp /home/primary/data/backup-incoming/mongo/oplog_delta.20260611_171751.json mongodb_live:/tmp/oplog_delta.json
[2026-06-12T17:26:03+07:00] [MONGO][OPLOG] <info>   APPLIED=672 SKIPPED=41 FAILED=0 | skipped_dup_insert=0 skipped_unsupported_update=0 skipped_cmd=0 | failed_i=0 failed_u=0 failed_d=0
[2026-06-12T17:26:03+07:00] [MONGO][OPLOG] <info>   Applying delta: /home/primary/data/backup-incoming/mongo/oplog_delta.20260611_172256.json
[2026-06-12T17:26:03+07:00] [CMD]      <info>   docker cp /home/primary/data/backup-incoming/mongo/oplog_delta.20260611_172256.json mongodb_live:/tmp/oplog_delta.json
[2026-06-12T17:26:05+07:00] [MONGO][OPLOG] <info>   APPLIED=784 SKIPPED=38 FAILED=0 | skipped_dup_insert=0 skipped_unsupported_update=0 skipped_cmd=0 | failed_i=0 failed_u=0 failed_d=0
[2026-06-12T17:26:05+07:00] [MONGO][OPLOG] <info>   Applying delta: /home/primary/data/backup-incoming/mongo/oplog_delta.20260611_202923.json
[2026-06-12T17:26:05+07:00] [CMD]      <info>   docker cp /home/primary/data/backup-incoming/mongo/oplog_delta.20260611_202923.json mongodb_live:/tmp/oplog_delta.json
[2026-06-12T17:26:34+07:00] [MONGO][OPLOG] <info>   APPLIED=25235 SKIPPED=1653 FAILED=0 | skipped_dup_insert=0 skipped_unsupported_update=0 skipped_cmd=0 | failed_i=0 failed_u=0 failed_d=0
[2026-06-12T17:40:21+0700] main       <log>    ━━━━━━━━━━━━━━━━━━━━━━━━━━━━━━━━━━━━━━━━━━━━━━━━━━━━━━━━━━━━━
[2026-06-12T17:40:21+0700] main       <log>    VM1 → VM2 Restore Request
[2026-06-12T17:40:21+0700] main       <log>      version : chain-v1
[2026-06-12T17:40:21+0700] main       <log>      chain   : 4
[2026-06-12T17:40:21+0700] main       <log>      source  : general
[2026-06-12T17:40:21+0700] main       <log>      push→vm1: true
[2026-06-12T17:40:21+0700] main       <log>    ━━━━━━━━━━━━━━━━━━━━━━━━━━━━━━━━━━━━━━━━━━━━━━━━━━━━━━━━━━━━━
[2026-06-12T17:40:21+0700] main       <info>   Checking SSH to VM2 (recovery@192.168.10.129) …
[2026-06-12T17:40:21+0700] main       <good>   SSH OK
[2026-06-12T17:40:21+0700] main       <info>   Request ID: restore-1781260821
[2026-06-12T17:40:21+0700] main       <info>   Request JSON:
[2026-06-12T17:40:21+0700] main       <info>   Sending request to VM2 …
[2026-06-12T17:40:22+0700] main       <good>   Request dropped: /home/recovery/local-backup/restore-requests/restore-1781260821.json
[2026-06-12T17:40:22+0700] main       <info>   Polling VM2 for completion (timeout=600s, interval=3s) …
[2026-06-12T17:40:23+0700] main       <error>  VM2 reported an error:
[2026-06-12T17:55:38+0700] main       <log>    ━━━━━━━━━━━━━━━━━━━━━━━━━━━━━━━━━━━━━━━━━━━━━━━━━━━━━━━━━━━━━
[2026-06-12T17:55:38+0700] main       <log>    VM1 → VM2 Restore Request
[2026-06-12T17:55:38+0700] main       <log>      version : chain-v1
[2026-06-12T17:55:38+0700] main       <log>      chain   : 4
[2026-06-12T17:55:38+0700] main       <log>      source  : general
[2026-06-12T17:55:38+0700] main       <log>      push→vm1: true
[2026-06-12T17:55:38+0700] main       <log>    ━━━━━━━━━━━━━━━━━━━━━━━━━━━━━━━━━━━━━━━━━━━━━━━━━━━━━━━━━━━━━
[2026-06-12T17:55:38+0700] main       <info>   Checking SSH to VM2 (recovery@192.168.10.129) …
[2026-06-12T17:55:39+0700] main       <good>   SSH OK
[2026-06-12T17:55:39+0700] main       <info>   Request ID: restore-1781261739
[2026-06-12T17:55:39+0700] main       <info>   Request JSON:
[2026-06-12T17:55:39+0700] main       <info>   Sending request to VM2 …
[2026-06-12T17:55:39+0700] main       <good>   Request dropped: /home/recovery/local-backup/restore-requests/restore-1781261739.json
[2026-06-12T17:55:39+0700] main       <info>   Polling VM2 for completion (timeout=600s, interval=3s) …
[2026-06-12T17:55:40+0700] main       <info>     Waiting for VM2 to pick up request… (0s elapsed)
[2026-06-12T17:55:43+0700] main       <info>     Waiting for VM2 to pick up request… (3s elapsed)
[2026-06-12T17:55:47+0700] main       <info>     Waiting for VM2 to pick up request… (6s elapsed)
[2026-06-12T17:55:50+0700] main       <info>     Waiting for VM2 to pick up request… (9s elapsed)
[2026-06-12T17:55:54+0700] main       <info>     Waiting for VM2 to pick up request… (12s elapsed)
[2026-06-12T17:55:57+0700] main       <info>     VM2 is processing… (15s elapsed)
[2026-06-12T17:56:00+0700] main       <info>     VM2 is processing… (18s elapsed)
[2026-06-12T17:56:04+0700] main       <info>     VM2 is processing… (21s elapsed)
[2026-06-12T17:56:07+0700] main       <info>     VM2 is processing… (24s elapsed)
[2026-06-12T17:56:11+0700] main       <info>     VM2 is processing… (27s elapsed)
[2026-06-12T17:56:14+0700] main       <info>     VM2 is processing… (30s elapsed)
[2026-06-12T17:56:18+0700] main       <info>     VM2 is processing… (33s elapsed)
[2026-06-12T17:56:21+0700] main       <info>     VM2 is processing… (36s elapsed)
[2026-06-12T17:56:25+0700] main       <info>     VM2 is processing… (39s elapsed)
[2026-06-12T17:56:28+0700] main       <info>     VM2 is processing… (42s elapsed)
[2026-06-12T17:56:31+0700] main       <info>     VM2 is processing… (45s elapsed)
[2026-06-12T17:56:35+0700] main       <info>     VM2 is processing… (48s elapsed)
[2026-06-12T17:56:38+0700] main       <info>     VM2 is processing… (51s elapsed)
[2026-06-12T17:56:42+0700] main       <info>     VM2 is processing… (54s elapsed)
[2026-06-12T17:56:46+0700] main       <info>     VM2 is processing… (57s elapsed)
[2026-06-12T17:56:49+0700] main       <info>     VM2 is processing… (60s elapsed)
[2026-06-12T17:56:53+0700] main       <info>     VM2 is processing… (63s elapsed)
[2026-06-12T17:56:56+0700] main       <info>     VM2 is processing… (66s elapsed)
[2026-06-12T17:56:59+0700] main       <info>     VM2 is processing… (69s elapsed)
[2026-06-12T17:57:03+0700] main       <info>     VM2 is processing… (72s elapsed)
[2026-06-12T17:57:06+0700] main       <info>     VM2 is processing… (75s elapsed)
[2026-06-12T17:57:10+0700] main       <info>     VM2 is processing… (78s elapsed)
[2026-06-12T17:57:13+0700] main       <info>     VM2 is processing… (81s elapsed)
[2026-06-12T17:57:17+0700] main       <info>     VM2 is processing… (84s elapsed)
[2026-06-12T17:57:21+0700] main       <info>     VM2 is processing… (87s elapsed)
[2026-06-12T17:57:24+0700] main       <info>     VM2 is processing… (90s elapsed)
[2026-06-12T17:57:28+0700] main       <info>     VM2 is processing… (93s elapsed)
[2026-06-12T17:57:31+0700] main       <info>     VM2 is processing… (96s elapsed)
[2026-06-12T17:57:35+0700] main       <info>     VM2 is processing… (99s elapsed)
[2026-06-12T17:57:39+0700] main       <info>     VM2 is processing… (102s elapsed)
[2026-06-12T17:57:42+0700] main       <info>     VM2 is processing… (105s elapsed)
[2026-06-12T17:57:46+0700] main       <info>     VM2 is processing… (108s elapsed)
[2026-06-12T17:57:50+0700] main       <info>     VM2 is processing… (111s elapsed)
[2026-06-12T17:57:53+0700] main       <info>     VM2 is processing… (114s elapsed)
[2026-06-12T17:57:57+0700] main       <info>     VM2 is processing… (117s elapsed)
[2026-06-12T17:58:00+0700] main       <info>     VM2 is processing… (120s elapsed)
[2026-06-12T17:58:03+0700] main       <info>     VM2 is processing… (123s elapsed)
[2026-06-12T17:58:07+0700] main       <info>     VM2 is processing… (126s elapsed)
[2026-06-12T17:58:10+0700] main       <info>     VM2 is processing… (129s elapsed)
[2026-06-12T17:58:14+0700] main       <info>     VM2 is processing… (132s elapsed)
[2026-06-12T17:58:17+0700] main       <info>     VM2 is processing… (135s elapsed)
[2026-06-12T17:58:21+0700] main       <info>     VM2 is processing… (138s elapsed)
[2026-06-12T17:58:24+0700] main       <info>     VM2 is processing… (141s elapsed)
[2026-06-12T17:58:27+0700] main       <info>     VM2 is processing… (144s elapsed)
[2026-06-12T17:58:31+0700] main       <info>     VM2 is processing… (147s elapsed)
[2026-06-12T17:58:34+0700] main       <info>     VM2 is processing… (150s elapsed)
[2026-06-12T17:58:38+0700] main       <info>     VM2 is processing… (153s elapsed)
[2026-06-12T17:58:41+0700] main       <info>     VM2 is processing… (156s elapsed)
[2026-06-12T17:58:45+0700] main       <info>     VM2 is processing… (159s elapsed)
[2026-06-12T17:58:48+0700] main       <info>     VM2 is processing… (162s elapsed)
[2026-06-12T17:58:52+0700] main       <info>     VM2 is processing… (165s elapsed)
[2026-06-12T17:58:55+0700] main       <info>     VM2 is processing… (168s elapsed)
[2026-06-12T17:58:59+0700] main       <info>     VM2 is processing… (171s elapsed)
[2026-06-12T17:59:02+0700] main       <info>     VM2 is processing… (174s elapsed)
[2026-06-12T17:59:06+0700] main       <info>     VM2 is processing… (177s elapsed)
[2026-06-12T17:59:09+0700] main       <info>     VM2 is processing… (180s elapsed)
[2026-06-12T17:59:12+0700] main       <info>     VM2 is processing… (183s elapsed)
[2026-06-12T17:59:16+0700] main       <info>     VM2 is processing… (186s elapsed)
[2026-06-12T17:59:19+0700] main       <info>     VM2 is processing… (189s elapsed)
[2026-06-12T17:59:23+0700] main       <info>     VM2 is processing… (192s elapsed)
[2026-06-12T17:59:26+0700] main       <info>     VM2 is processing… (195s elapsed)
[2026-06-12T17:59:29+0700] main       <info>     VM2 is processing… (198s elapsed)
[2026-06-12T17:59:33+0700] main       <info>     VM2 is processing… (201s elapsed)
[2026-06-12T17:59:36+0700] main       <info>     VM2 is processing… (204s elapsed)
[2026-06-12T17:59:40+0700] main       <info>     VM2 is processing… (207s elapsed)
[2026-06-12T17:59:43+0700] main       <info>     VM2 is processing… (210s elapsed)
[2026-06-12T17:59:47+0700] main       <info>     VM2 is processing… (213s elapsed)
[2026-06-12T17:59:50+0700] main       <info>     VM2 is processing… (216s elapsed)
[2026-06-12T17:59:54+0700] main       <info>     VM2 is processing… (219s elapsed)
[2026-06-12T17:59:57+0700] main       <info>     VM2 is processing… (222s elapsed)
[2026-06-12T18:00:01+0700] main       <info>     VM2 is processing… (225s elapsed)
[2026-06-12T18:00:04+0700] main       <info>     VM2 is processing… (228s elapsed)
[2026-06-12T18:00:07+0700] main       <info>     VM2 is processing… (231s elapsed)
[2026-06-12T18:00:11+0700] main       <info>     VM2 is processing… (234s elapsed)
[2026-06-12T18:00:14+0700] main       <info>     VM2 is processing… (237s elapsed)
[2026-06-12T18:00:18+0700] main       <info>     VM2 is processing… (240s elapsed)
[2026-06-12T18:00:21+0700] main       <info>     VM2 is processing… (243s elapsed)
[2026-06-12T18:00:25+0700] main       <info>     VM2 is processing… (246s elapsed)
[2026-06-12T18:00:28+0700] main       <info>     VM2 is processing… (249s elapsed)
[2026-06-12T18:00:32+0700] main       <info>     VM2 is processing… (252s elapsed)
[2026-06-12T18:00:35+0700] main       <info>     VM2 is processing… (255s elapsed)
[2026-06-12T18:00:38+0700] main       <info>     VM2 is processing… (258s elapsed)
[2026-06-12T18:00:42+0700] main       <info>     VM2 is processing… (261s elapsed)
[2026-06-12T18:00:45+0700] main       <info>     VM2 is processing… (264s elapsed)
[2026-06-12T18:00:49+0700] main       <info>     VM2 is processing… (267s elapsed)
[2026-06-12T18:00:52+0700] main       <info>     VM2 is processing… (270s elapsed)
[2026-06-12T18:00:56+0700] main       <info>     VM2 is processing… (273s elapsed)
[2026-06-12T18:00:59+0700] main       <info>     VM2 is processing… (276s elapsed)
[2026-06-12T18:01:03+0700] main       <info>     VM2 is processing… (279s elapsed)
[2026-06-12T18:01:06+0700] main       <info>     VM2 is processing… (282s elapsed)
[2026-06-12T18:01:10+0700] main       <info>     VM2 is processing… (285s elapsed)
[2026-06-12T18:01:13+0700] main       <info>     VM2 is processing… (288s elapsed)
[2026-06-12T18:01:16+0700] main       <info>     VM2 is processing… (291s elapsed)
[2026-06-12T18:01:20+0700] main       <info>     VM2 is processing… (294s elapsed)
[2026-06-12T18:01:23+0700] main       <info>     VM2 is processing… (297s elapsed)
[2026-06-12T18:01:27+0700] main       <info>     VM2 is processing… (300s elapsed)
[2026-06-12T18:01:30+0700] main       <info>     VM2 is processing… (303s elapsed)
[2026-06-12T18:01:33+0700] main       <info>     VM2 is processing… (306s elapsed)
[2026-06-12T18:01:37+0700] main       <info>     VM2 is processing… (309s elapsed)
[2026-06-12T18:01:40+0700] main       <info>     VM2 is processing… (312s elapsed)
[2026-06-12T18:01:44+0700] main       <info>     VM2 is processing… (315s elapsed)
[2026-06-12T18:01:47+0700] main       <info>     VM2 is processing… (318s elapsed)
[2026-06-12T18:01:51+0700] main       <info>     VM2 is processing… (321s elapsed)
[2026-06-12T18:01:55+0700] main       <info>     VM2 is processing… (324s elapsed)
[2026-06-12T18:01:58+0700] main       <info>     VM2 is processing… (327s elapsed)
[2026-06-12T18:02:01+0700] main       <info>     VM2 is processing… (330s elapsed)
[2026-06-12T18:02:05+0700] main       <info>     VM2 is processing… (333s elapsed)
[2026-06-12T18:02:08+0700] main       <info>     VM2 is processing… (336s elapsed)
[2026-06-12T18:02:12+0700] main       <info>     VM2 is processing… (339s elapsed)
[2026-06-12T18:02:15+0700] main       <info>     VM2 is processing… (342s elapsed)
[2026-06-12T18:02:18+0700] main       <info>     VM2 is processing… (345s elapsed)
[2026-06-12T18:02:22+0700] main       <info>     VM2 is processing… (348s elapsed)
[2026-06-12T18:02:25+0700] main       <info>     VM2 is processing… (351s elapsed)
[2026-06-12T18:02:29+0700] main       <info>     VM2 is processing… (354s elapsed)
[2026-06-12T18:02:32+0700] main       <info>     VM2 is processing… (357s elapsed)
[2026-06-12T18:02:36+0700] main       <info>     VM2 is processing… (360s elapsed)
[2026-06-12T18:02:39+0700] main       <info>     VM2 is processing… (363s elapsed)
[2026-06-12T18:02:42+0700] main       <info>     VM2 is processing… (366s elapsed)
[2026-06-12T18:02:46+0700] main       <info>     VM2 is processing… (369s elapsed)
[2026-06-12T18:02:49+0700] main       <info>     VM2 is processing… (372s elapsed)
[2026-06-12T18:02:53+0700] main       <info>     VM2 is processing… (375s elapsed)
[2026-06-12T18:02:57+0700] main       <info>     VM2 is processing… (378s elapsed)
[2026-06-12T18:03:00+0700] main       <info>     VM2 is processing… (381s elapsed)
[2026-06-12T18:03:04+0700] main       <info>     VM2 is processing… (384s elapsed)
[2026-06-12T18:03:07+0700] main       <info>     VM2 is processing… (387s elapsed)
[2026-06-12T18:03:11+0700] main       <info>     VM2 is processing… (390s elapsed)
[2026-06-12T18:03:14+0700] main       <info>     VM2 is processing… (393s elapsed)
[2026-06-12T18:03:18+0700] main       <info>     VM2 is processing… (396s elapsed)
[2026-06-12T18:03:21+0700] main       <info>     VM2 is processing… (399s elapsed)
[2026-06-12T18:03:25+0700] main       <info>     VM2 is processing… (402s elapsed)
[2026-06-12T18:03:28+0700] main       <info>     VM2 is processing… (405s elapsed)
[2026-06-12T18:03:32+0700] main       <info>     VM2 is processing… (408s elapsed)
[2026-06-12T18:03:35+0700] main       <info>     VM2 is processing… (411s elapsed)
[2026-06-12T18:03:39+0700] main       <info>     VM2 is processing… (414s elapsed)
[2026-06-12T18:03:42+0700] main       <info>     VM2 is processing… (417s elapsed)
[2026-06-12T18:03:45+0700] main       <info>     VM2 is processing… (420s elapsed)
[2026-06-12T18:03:49+0700] main       <info>     VM2 is processing… (423s elapsed)
[2026-06-12T18:03:52+0700] main       <info>     VM2 is processing… (426s elapsed)
[2026-06-12T18:03:56+0700] main       <info>     VM2 is processing… (429s elapsed)
[2026-06-12T18:04:00+0700] main       <info>     VM2 is processing… (432s elapsed)
[2026-06-12T18:04:03+0700] main       <info>     VM2 is processing… (435s elapsed)
[2026-06-12T18:04:07+0700] main       <info>     VM2 is processing… (438s elapsed)
[2026-06-12T18:04:10+0700] main       <info>     VM2 is processing… (441s elapsed)
[2026-06-12T18:04:14+0700] main       <info>     VM2 is processing… (444s elapsed)
[2026-06-12T18:04:17+0700] main       <info>     VM2 is processing… (447s elapsed)
[2026-06-12T18:04:21+0700] main       <info>     VM2 is processing… (450s elapsed)
[2026-06-12T18:04:24+0700] main       <info>     VM2 is processing… (453s elapsed)
[2026-06-12T18:04:28+0700] main       <info>     VM2 is processing… (456s elapsed)
[2026-06-12T18:04:32+0700] main       <info>     VM2 is processing… (459s elapsed)
[2026-06-12T18:04:35+0700] main       <info>     VM2 is processing… (462s elapsed)
[2026-06-12T18:04:39+0700] main       <info>     VM2 is processing… (465s elapsed)
[2026-06-12T18:04:43+0700] main       <info>     VM2 is processing… (468s elapsed)
[2026-06-12T18:04:46+0700] main       <info>     VM2 is processing… (471s elapsed)
[2026-06-12T18:04:50+0700] main       <info>     VM2 is processing… (474s elapsed)
[2026-06-12T18:04:53+0700] main       <info>     VM2 is processing… (477s elapsed)
[2026-06-12T18:04:57+0700] main       <info>     VM2 is processing… (480s elapsed)
[2026-06-12T18:05:02+0700] main       <info>     VM2 is processing… (483s elapsed)
[2026-06-12T18:05:05+0700] main       <info>     VM2 is processing… (486s elapsed)
[2026-06-12T18:05:09+0700] main       <info>     VM2 is processing… (489s elapsed)
[2026-06-12T18:05:12+0700] main       <info>     VM2 is processing… (492s elapsed)
[2026-06-12T18:05:15+0700] main       <info>     VM2 is processing… (495s elapsed)
[2026-06-12T18:05:19+0700] main       <info>     VM2 is processing… (498s elapsed)
[2026-06-12T18:05:22+0700] main       <info>     VM2 is processing… (501s elapsed)
[2026-06-12T18:05:26+0700] main       <info>     VM2 is processing… (504s elapsed)
[2026-06-12T18:05:29+0700] main       <info>     VM2 is processing… (507s elapsed)
[2026-06-12T18:05:33+0700] main       <info>     VM2 is processing… (510s elapsed)
[2026-06-12T18:05:36+0700] main       <info>     VM2 is processing… (513s elapsed)
[2026-06-12T18:05:40+0700] main       <info>     VM2 is processing… (516s elapsed)
[2026-06-12T18:05:43+0700] main       <info>     VM2 is processing… (519s elapsed)
[2026-06-12T18:05:47+0700] main       <info>     VM2 is processing… (522s elapsed)
[2026-06-12T18:05:51+0700] main       <good>   VM2 restore complete.
[2026-06-12T18:05:51+0700] main       <info>   Cycles received in /home/primary/data/backup-incoming/chain-v1/:
[2026-06-12T18:05:51+0700] main       <good>   4 cycle(s) ready in backup-incoming
[2026-06-12T18:05:51+0700] main       <info>   Bumping chain version in state DB …
[2026-06-12T18:05:51+0700] main       <good>   Chain version bumped → chain-v3
[2026-06-12T18:05:51+0700] main       <info>   Next backup cycle will write to backup-cycles/chain-v3/
[2026-06-12T18:05:51+0700] main       <log>    ━━━━━━━━━━━━━━━━━━━━━━━━━━━━━━━━━━━━━━━━━━━━━━━━━━━━━━━━━━━━━
[2026-06-12T18:05:51+0700] main       <good>   Restore data is ready. Run this to replay into live DBs:
[2026-06-12T18:05:51+0700] main       <log>    ━━━━━━━━━━━━━━━━━━━━━━━━━━━━━━━━━━━━━━━━━━━━━━━━━━━━━━━━━━━━━
[2026-06-12T18:06:09+07:00] [SELECT]   <info>   Using explicit chain version: /home/primary/data/backup-incoming/chain-v1
[2026-06-12T18:06:09+07:00] [SELECT]   <info>   --chain 4: selecting first 4 of 4 cycles (oldest→newest): ['20260611_171210', '20260611_171751', '20260611_172256', '20260611_202923']
[2026-06-12T18:06:09+07:00] [RESTORE]  <info>   Base unstructured: /home/primary/data/unstructured
[2026-06-12T18:06:09+07:00] [RESTORE]  <info>   Output root:       /home/primary/data/backup-incoming
[2026-06-12T18:06:09+07:00] [RESTORE]  <info>   Cycles:            4
[2026-06-12T18:06:09+07:00] [VERIFY]   <info>   Verifying latest cycle: /home/primary/data/backup-incoming/chain-v1/20260611_202923 (raw=False)
[2026-06-12T18:06:11+07:00] [VERIFY]   <info>   OK
[2026-06-12T18:06:11+07:00] [PFC]      <info>   Copying base unstructured -> /home/primary/data/unstructured
[2026-06-12T18:06:11+07:00] [PFC]      <info>   Base copy: files=0 bytes=0 elapsed=0.00s
[2026-06-12T18:06:11+07:00] [RESTORE]  <info>   Reading manifest: /home/primary/data/backup-incoming/chain-v1/20260611_171210/manifest.json
[2026-06-12T18:06:11+07:00] [PFC]      <info>   Applying PFC deltas from /home/primary/data/backup-incoming/chain-v1/20260611_171210: count=1245
[2026-06-12T18:06:23+07:00] [RESTORE]  <info>   Reading manifest: /home/primary/data/backup-incoming/chain-v1/20260611_171751/manifest.json
[2026-06-12T18:06:23+07:00] [PFC]      <info>   Applying PFC deltas from /home/primary/data/backup-incoming/chain-v1/20260611_171751: count=21
[2026-06-12T18:06:23+07:00] [RESTORE]  <info>   Reading manifest: /home/primary/data/backup-incoming/chain-v1/20260611_172256/manifest.json
[2026-06-12T18:06:23+07:00] [PFC]      <info>   Applying PFC deltas from /home/primary/data/backup-incoming/chain-v1/20260611_172256: count=14
[2026-06-12T18:06:24+07:00] [RESTORE]  <info>   Reading manifest: /home/primary/data/backup-incoming/chain-v1/20260611_202923/manifest.json
[2026-06-12T18:06:24+07:00] [PFC]      <info>   Applying PFC deltas from /home/primary/data/backup-incoming/chain-v1/20260611_202923: count=155
[2026-06-12T18:06:36+07:00] [PG][STAGE] <info>   Merged WAL from 4 cycle(s) into single stream: 45 files -> /home/primary/data/backup-incoming/pg/merged_wal
[2026-06-12T18:06:36+07:00] [PG]       <info>   Single-pass WAL staging: files=45 merged_dir=/home/primary/data/backup-incoming/pg/merged_wal
[2026-06-12T18:06:36+07:00] [PG]       <info>   Restored basebackup artifacts: files_copied=1 -> /home/primary/data/backup-incoming/pg/basebackup
[2026-06-12T18:06:36+07:00] [MONGO]    <info>   Decompressed oplog delta: /home/primary/data/backup-incoming/chain-v1/20260611_171210/mongo/oplog_delta.json.z -> /home/primary/data/backup-incoming/mongo/oplog_delta.20260611_171210.json bytes=1099275
[2026-06-12T18:06:36+07:00] [MONGO]    <info>   Decompressed oplog delta: /home/primary/data/backup-incoming/chain-v1/20260611_171751/mongo/oplog_delta.json.z -> /home/primary/data/backup-incoming/mongo/oplog_delta.20260611_171751.json bytes=462263
[2026-06-12T18:06:36+07:00] [MONGO]    <info>   Decompressed oplog delta: /home/primary/data/backup-incoming/chain-v1/20260611_172256/mongo/oplog_delta.json.z -> /home/primary/data/backup-incoming/mongo/oplog_delta.20260611_172256.json bytes=535059
[2026-06-12T18:06:36+07:00] [MONGO]    <info>   Decompressed oplog delta: /home/primary/data/backup-incoming/chain-v1/20260611_202923/mongo/oplog_delta.json.z -> /home/primary/data/backup-incoming/mongo/oplog_delta.20260611_202923.json bytes=17466313
[2026-06-12T18:06:36+07:00] [MONGO]    <info>   Restored basebackup artifacts: files_copied=1 -> /home/primary/data/backup-incoming/mongo/basebackup
[2026-06-12T18:06:36+07:00] [RESTORE]  <info>   Done: out_root=/home/primary/data/backup-incoming pfc_chunks_applied=1435 verified_ok=1435 verified_fail=0 wal_merged_dir=/home/primary/data/backup-incoming/pg/merged_wal
[2026-06-12T18:06:36+07:00] [PROMOTE]  <info>   Starting as live stack: container=postgres_live port=5432
[2026-06-12T18:06:36+07:00] [CMD]      <info>   docker run --rm -u root -v /home/primary/data/transactional/postgres/data:/var/lib/postgresql/data -v /home/primary/data/backup-incoming/pg/basebackup/20260611_171210/base.tar.gz:/base.tar.gz:ro postgres:15-alpine sh -lc rm -rf /var/lib/postgresql/data/* && tar -xzf /base.tar.gz -C /var/lib/postgresql/data && chown -R postgres:postgres /var/lib/postgresql/data && touch /var/lib/postgresql/data/recovery.signal
[2026-06-12T18:06:40+07:00] [CMD]      <info>   docker rm -f postgres_live
[2026-06-12T18:06:40+07:00] [CMD]      <info>   docker run -d --name postgres_live -p 5432:5432 -v /home/primary/data/transactional/postgres/data:/var/lib/postgresql/data -v /home/primary/data/backup-incoming/pg/merged_wal:/wal:ro postgres:15-alpine -c restore_command=cp /wal/%f %p
[2026-06-12T18:06:40+07:00] [PG][RESTORE] <info>   Started container=postgres_live host_port=5432 PGDATA=/home/primary/data/transactional/postgres/data merged_WAL=/home/primary/data/backup-incoming/pg/merged_wal
[2026-06-12T18:06:40+07:00] [PROMOTE]  <info>   Starting as live stack: container=mongodb_live port=27017
[2026-06-12T18:06:40+07:00] [CMD]      <info>   docker rm -f mongodb_live
[2026-06-12T18:06:41+07:00] [CMD]      <info>   docker run -d --name mongodb_live -p 27017:27017 -v /home/primary/data/transactional/mongo/data:/data/db mongo:7.0 --bind_ip_all
[2026-06-12T18:06:46+07:00] [MONGO][RESTORE] <info>   Started container=mongodb_live host_port=27017 data=/home/primary/data/transactional/mongo/data
[2026-06-12T18:06:46+07:00] [MONGO][OPLOG] <info>   Applying delta: /home/primary/data/backup-incoming/mongo/oplog_delta.20260611_171210.json
[2026-06-12T18:06:46+07:00] [CMD]      <info>   docker cp /home/primary/data/backup-incoming/mongo/oplog_delta.20260611_171210.json mongodb_live:/tmp/oplog_delta.json
[2026-06-12T18:06:50+07:00] [MONGO][OPLOG] <info>   APPLIED=757 SKIPPED=947 FAILED=0 | skipped_dup_insert=836 skipped_unsupported_update=0 skipped_cmd=0 | failed_i=0 failed_u=0 failed_d=0
[2026-06-12T18:06:50+07:00] [MONGO][OPLOG] <info>   Applying delta: /home/primary/data/backup-incoming/mongo/oplog_delta.20260611_171751.json
[2026-06-12T18:06:50+07:00] [CMD]      <info>   docker cp /home/primary/data/backup-incoming/mongo/oplog_delta.20260611_171751.json mongodb_live:/tmp/oplog_delta.json
[2026-06-12T18:06:53+07:00] [MONGO][OPLOG] <info>   APPLIED=672 SKIPPED=41 FAILED=0 | skipped_dup_insert=0 skipped_unsupported_update=0 skipped_cmd=0 | failed_i=0 failed_u=0 failed_d=0
[2026-06-12T18:06:53+07:00] [MONGO][OPLOG] <info>   Applying delta: /home/primary/data/backup-incoming/mongo/oplog_delta.20260611_172256.json
[2026-06-12T18:06:53+07:00] [CMD]      <info>   docker cp /home/primary/data/backup-incoming/mongo/oplog_delta.20260611_172256.json mongodb_live:/tmp/oplog_delta.json
[2026-06-12T18:06:55+07:00] [MONGO][OPLOG] <info>   APPLIED=784 SKIPPED=38 FAILED=0 | skipped_dup_insert=0 skipped_unsupported_update=0 skipped_cmd=0 | failed_i=0 failed_u=0 failed_d=0
[2026-06-12T18:06:55+07:00] [MONGO][OPLOG] <info>   Applying delta: /home/primary/data/backup-incoming/mongo/oplog_delta.20260611_202923.json
[2026-06-12T18:06:55+07:00] [CMD]      <info>   docker cp /home/primary/data/backup-incoming/mongo/oplog_delta.20260611_202923.json mongodb_live:/tmp/oplog_delta.json
[2026-06-12T18:07:27+07:00] [MONGO][OPLOG] <info>   APPLIED=25235 SKIPPED=1653 FAILED=0 | skipped_dup_insert=0 skipped_unsupported_update=0 skipped_cmd=0 | failed_i=0 failed_u=0 failed_d=0
[2026-06-13T20:42:11+07:00] telemetry  <info>   out_dir=/home/primary/data/monitor  interval=10s  pg=postgres_live  mongo=mongodb_live
[2026-06-13T20:42:12+07:00] pg         <good>   polled → pg_events.csv
[2026-06-13T20:42:12+07:00] mongo      <good>   polled → mongo_events.csv
[2026-06-13T20:42:12+07:00] unstr      <good>   polled → unstructured_events.csv
[2026-06-13T21:09:40+07:00] telemetry  <info>   out_dir=/home/primary/data/monitor  interval=10s  pg=postgres_live  mongo=mongodb_live
[2026-06-13T21:09:40+07:00] pg         <good>   polled → pg_events.csv
[2026-06-13T21:09:41+07:00] mongo      <good>   polled → mongo_events.csv
[2026-06-13T21:09:41+07:00] unstr      <good>   polled → unstructured_events.csv
[2026-06-13T21:09:51+07:00] pg         <good>   polled → pg_events.csv
[2026-06-13T21:09:53+07:00] mongo      <good>   polled → mongo_events.csv
[2026-06-13T21:09:53+07:00] unstr      <good>   polled → unstructured_events.csv
[2026-06-13T21:10:03+07:00] pg         <good>   polled → pg_events.csv
[2026-06-13T21:10:04+07:00] mongo      <good>   polled → mongo_events.csv
[2026-06-13T21:10:04+07:00] unstr      <good>   polled → unstructured_events.csv
[2026-06-13T21:10:14+07:00] pg         <good>   polled → pg_events.csv
[2026-06-13T21:10:16+07:00] mongo      <good>   polled → mongo_events.csv
[2026-06-13T21:10:16+07:00] unstr      <good>   polled → unstructured_events.csv
[2026-06-13T21:10:26+07:00] pg         <good>   polled → pg_events.csv
[2026-06-13T21:10:27+07:00] mongo      <good>   polled → mongo_events.csv
[2026-06-13T21:10:27+07:00] unstr      <good>   polled → unstructured_events.csv
[2026-06-13T21:10:37+07:00] pg         <good>   polled → pg_events.csv
[2026-06-13T21:10:38+07:00] mongo      <good>   polled → mongo_events.csv
[2026-06-13T21:10:38+07:00] unstr      <good>   polled → unstructured_events.csv
[2026-06-13T21:10:49+07:00] pg         <good>   polled → pg_events.csv
[2026-06-13T21:10:49+07:00] mongo      <good>   polled → mongo_events.csv
[2026-06-13T21:10:49+07:00] unstr      <good>   polled → unstructured_events.csv
[2026-06-13T21:11:00+07:00] pg         <good>   polled → pg_events.csv
[2026-06-13T21:11:06+07:00] mongo      <good>   polled → mongo_events.csv
[2026-06-13T21:11:06+07:00] unstr      <good>   polled → unstructured_events.csv
[2026-06-13T21:11:18+07:00] pg         <good>   polled → pg_events.csv
[2026-06-13T21:11:24+07:00] mongo      <good>   polled → mongo_events.csv
[2026-06-13T21:11:24+07:00] unstr      <good>   polled → unstructured_events.csv
[2026-06-13T21:11:34+07:00] pg         <good>   polled → pg_events.csv
[2026-06-13T21:11:36+07:00] mongo      <good>   polled → mongo_events.csv
[2026-06-13T21:11:36+07:00] unstr      <good>   polled → unstructured_events.csv
[2026-06-13T21:11:46+07:00] pg         <good>   polled → pg_events.csv
[2026-06-13T21:11:47+07:00] mongo      <good>   polled → mongo_events.csv
[2026-06-13T21:11:47+07:00] unstr      <good>   polled → unstructured_events.csv
[2026-06-13T21:11:57+07:00] pg         <good>   polled → pg_events.csv
[2026-06-13T21:11:58+07:00] mongo      <good>   polled → mongo_events.csv
[2026-06-13T21:11:58+07:00] unstr      <good>   polled → unstructured_events.csv
[2026-06-13T21:12:08+07:00] pg         <good>   polled → pg_events.csv
[2026-06-13T21:12:09+07:00] mongo      <good>   polled → mongo_events.csv
[2026-06-13T21:12:09+07:00] unstr      <good>   polled → unstructured_events.csv
[2026-06-13T21:12:20+07:00] pg         <good>   polled → pg_events.csv
[2026-06-13T21:12:21+07:00] mongo      <good>   polled → mongo_events.csv
[2026-06-13T21:12:21+07:00] unstr      <good>   polled → unstructured_events.csv
[2026-06-13T21:12:31+07:00] pg         <good>   polled → pg_events.csv
[2026-06-13T21:12:32+07:00] mongo      <good>   polled → mongo_events.csv
[2026-06-13T21:12:32+07:00] unstr      <good>   polled → unstructured_events.csv
[2026-06-13T21:12:42+07:00] pg         <good>   polled → pg_events.csv
[2026-06-13T21:12:44+07:00] mongo      <good>   polled → mongo_events.csv
[2026-06-13T21:12:44+07:00] unstr      <good>   polled → unstructured_events.csv
[2026-06-13T21:12:54+07:00] pg         <good>   polled → pg_events.csv
[2026-06-13T21:12:55+07:00] mongo      <good>   polled → mongo_events.csv
[2026-06-13T21:12:55+07:00] unstr      <good>   polled → unstructured_events.csv
[2026-06-13T21:13:05+07:00] pg         <good>   polled → pg_events.csv
[2026-06-13T21:13:06+07:00] mongo      <good>   polled → mongo_events.csv
[2026-06-13T21:13:06+07:00] unstr      <good>   polled → unstructured_events.csv
[2026-06-13T21:13:16+07:00] pg         <good>   polled → pg_events.csv
[2026-06-13T21:13:17+07:00] mongo      <good>   polled → mongo_events.csv
[2026-06-13T21:13:17+07:00] unstr      <good>   polled → unstructured_events.csv
[2026-06-13T21:13:27+07:00] pg         <good>   polled → pg_events.csv
[2026-06-13T21:13:28+07:00] mongo      <good>   polled → mongo_events.csv
[2026-06-13T21:13:28+07:00] unstr      <good>   polled → unstructured_events.csv
[2026-06-13T21:13:38+07:00] pg         <good>   polled → pg_events.csv
[2026-06-13T21:13:39+07:00] mongo      <good>   polled → mongo_events.csv
[2026-06-13T21:13:39+07:00] unstr      <good>   polled → unstructured_events.csv
[2026-06-13T21:13:49+07:00] pg         <good>   polled → pg_events.csv
[2026-06-13T21:13:50+07:00] mongo      <good>   polled → mongo_events.csv
[2026-06-13T21:13:50+07:00] unstr      <good>   polled → unstructured_events.csv
[2026-06-13T21:14:00+07:00] pg         <good>   polled → pg_events.csv
[2026-06-13T21:14:01+07:00] mongo      <good>   polled → mongo_events.csv
[2026-06-13T21:14:01+07:00] unstr      <good>   polled → unstructured_events.csv
[2026-06-13T21:14:12+07:00] pg         <good>   polled → pg_events.csv
[2026-06-13T21:14:13+07:00] mongo      <good>   polled → mongo_events.csv
[2026-06-13T21:14:13+07:00] unstr      <good>   polled → unstructured_events.csv
[2026-06-13T21:14:23+07:00] pg         <good>   polled → pg_events.csv
[2026-06-13T21:14:24+07:00] mongo      <good>   polled → mongo_events.csv
[2026-06-13T21:14:24+07:00] unstr      <good>   polled → unstructured_events.csv
[2026-06-13T21:14:34+07:00] pg         <good>   polled → pg_events.csv
[2026-06-13T21:14:35+07:00] mongo      <good>   polled → mongo_events.csv
[2026-06-13T21:14:35+07:00] unstr      <good>   polled → unstructured_events.csv
[2026-06-13T21:14:45+07:00] pg         <good>   polled → pg_events.csv
[2026-06-13T21:14:46+07:00] mongo      <good>   polled → mongo_events.csv
[2026-06-13T21:14:46+07:00] unstr      <good>   polled → unstructured_events.csv
[2026-06-13T21:14:57+07:00] pg         <good>   polled → pg_events.csv
[2026-06-13T21:14:58+07:00] mongo      <good>   polled → mongo_events.csv
[2026-06-13T21:14:58+07:00] unstr      <good>   polled → unstructured_events.csv
[2026-06-13T21:15:01+0700] main       <info>   RPO=5min  transfer=1  target=recovery@192.168.10.129:/home/recovery/local-backup/incoming
[2026-06-13T21:15:01+0700] main       <info>   Orchestrator: /home/primary/utilities/backup/backup_orchestrator.py
[2026-06-13T21:15:01+0700] main       <info>   Env:          /home/primary/utilities/backup/backup.env
[2026-06-13T21:15:01+0700] main       <info>   Chain init:   chain-v1
[2026-06-13T21:15:01+0700] main       <info>   ──────────────────────────────────────────────────────
[2026-06-13T21:15:01+0700] main       <info>   Cycle #1 starting
[2026-06-13T21:15:01+07:00] main       <info>   starting cycle=20260613_211501 at=2026-06-13T21:15:01.418697+07:00
[2026-06-13T21:15:01+07:00] main       <info>   output_root=/home/primary/data/backup-cycles
[2026-06-13T21:15:01+07:00] main       <info>   staging_root=/home/primary/data/backup-staging
[2026-06-13T21:15:01+07:00] main       <info>   state_db=/home/primary/data/backup-metadata/pfc_index.db
[2026-06-13T21:15:01+07:00] main       <info>   retention max_cycles=30 max_bytes=50.00 GiB cycle_cap=10.00 GiB
[2026-06-13T21:15:01+07:00] main       <info>   chain_version=chain-v1 versioned_cycles_root=/home/primary/data/backup-cycles/chain-v1
[2026-06-13T21:15:01+07:00] main       <info>   last_cycle_ts=<none>
[2026-06-13T21:15:05+07:00] mongo      <good>   oplog compressed raw=600.01 KiB stored=28.80 KiB ratio=0.048 elapsed=0.02s
[2026-06-13T21:15:05+07:00] fixtures   <good>   seeded target=/home/primary/data/unstructured/fixtures copied=25 skipped=0 bytes=9414820 elapsed=0.07s
[2026-06-13T21:15:08+07:00] pg         <good>   polled → pg_events.csv
[2026-06-13T21:15:09+07:00] mongo      <good>   polled → mongo_events.csv
[2026-06-13T21:15:09+07:00] unstr      <good>   polled → unstructured_events.csv
[2026-06-13T21:15:19+07:00] pg         <good>   polled → pg_events.csv
[2026-06-13T21:15:20+07:00] mongo      <good>   polled → mongo_events.csv
[2026-06-13T21:15:20+07:00] unstr      <good>   polled → unstructured_events.csv
[2026-06-13T21:15:27+07:00] main       <info>   staging_size=450.61 MiB checked_in=0.01s
[2026-06-13T21:15:28+07:00] main       <good>   wrote checksums=/home/primary/data/backup-staging/cycle_20260613_211501.tmp/checksums.sha256
[2026-06-13T21:15:28+07:00] main       <good>   finalized dir elapsed=0.00s
[2026-06-13T21:15:30+07:00] verify     <good>   ok elapsed=1.60s
[2026-06-13T21:15:30+07:00] pg         <info>   state pg_last_wal_fname=000000010000000000000004
[2026-06-13T21:15:30+07:00] main       <info>   retention elapsed=0.01s
[2026-06-13T21:15:30+07:00] transfer   <info>   pushing to 1 destination(s) as 'chain-v1/20260613_211501': ['recovery@192.168.10.129:/home/recovery/local-backup/incoming']
[2026-06-13T21:15:30+07:00] pg         <good>   polled → pg_events.csv
[2026-06-13T21:15:33+07:00] mongo      <good>   polled → mongo_events.csv
[2026-06-13T21:15:33+07:00] unstr      <good>   polled → unstructured_events.csv
[2026-06-13T21:15:43+07:00] pg         <good>   polled → pg_events.csv
[2026-06-13T21:15:44+07:00] mongo      <good>   polled → mongo_events.csv
[2026-06-13T21:15:44+07:00] unstr      <good>   polled → unstructured_events.csv
[2026-06-13T21:15:46+07:00] transfer   <good>   all 1 destination(s) OK elapsed=16.55s
[2026-06-13T21:15:46+07:00] main       <info>   Deleting local cycle since it was transferred: /home/primary/data/backup-cycles/chain-v1/20260613_211501
[2026-06-13T21:15:47+07:00] main       <info>   cycle_summary: wal_files=5 (64.00 MiB), pfc_chunks=1045 (stored=382.57 MiB, raw=1009.96 MiB), cycle_stored=0 B chain=chain-v1
[2026-06-13T21:15:47+07:00] main       <good>   completed cycle=20260613_211501 chain=chain-v1 elapsed=45.68s
[2026-06-13T21:15:47+0700] main       <good>   Cycle #1 completed OK
[2026-06-13T21:15:47+0700] main       <info>   Sleeping 5m until next cycle …
[2026-06-13T21:15:54+07:00] pg         <good>   polled → pg_events.csv
[2026-06-13T21:15:55+07:00] mongo      <good>   polled → mongo_events.csv
[2026-06-13T21:15:55+07:00] unstr      <good>   polled → unstructured_events.csv
[2026-06-13T21:16:06+07:00] pg         <good>   polled → pg_events.csv
[2026-06-13T21:16:07+07:00] mongo      <good>   polled → mongo_events.csv
[2026-06-13T21:16:07+07:00] unstr      <good>   polled → unstructured_events.csv
[2026-06-13T21:16:17+07:00] pg         <good>   polled → pg_events.csv
[2026-06-13T21:16:18+07:00] mongo      <good>   polled → mongo_events.csv
[2026-06-13T21:16:18+07:00] unstr      <good>   polled → unstructured_events.csv
[2026-06-13T21:16:28+07:00] pg         <good>   polled → pg_events.csv
[2026-06-13T21:16:29+07:00] mongo      <good>   polled → mongo_events.csv
[2026-06-13T21:16:29+07:00] unstr      <good>   polled → unstructured_events.csv
[2026-06-13T21:16:39+07:00] pg         <good>   polled → pg_events.csv
[2026-06-13T21:16:40+07:00] mongo      <good>   polled → mongo_events.csv
[2026-06-13T21:16:40+07:00] unstr      <good>   polled → unstructured_events.csv
[2026-06-13T21:16:50+07:00] pg         <good>   polled → pg_events.csv
[2026-06-13T21:16:51+07:00] mongo      <good>   polled → mongo_events.csv
[2026-06-13T21:16:51+07:00] unstr      <good>   polled → unstructured_events.csv
[2026-06-13T21:17:01+07:00] pg         <good>   polled → pg_events.csv
[2026-06-13T21:17:02+07:00] mongo      <good>   polled → mongo_events.csv
[2026-06-13T21:17:02+07:00] unstr      <good>   polled → unstructured_events.csv
[2026-06-13T21:17:12+07:00] pg         <good>   polled → pg_events.csv
[2026-06-13T21:17:13+07:00] mongo      <good>   polled → mongo_events.csv
[2026-06-13T21:17:13+07:00] unstr      <good>   polled → unstructured_events.csv
[2026-06-13T21:17:23+07:00] pg         <good>   polled → pg_events.csv
[2026-06-13T21:17:25+07:00] mongo      <good>   polled → mongo_events.csv
[2026-06-13T21:17:25+07:00] unstr      <good>   polled → unstructured_events.csv
[2026-06-13T21:17:35+07:00] pg         <good>   polled → pg_events.csv
[2026-06-13T21:17:36+07:00] mongo      <good>   polled → mongo_events.csv
[2026-06-13T21:17:36+07:00] unstr      <good>   polled → unstructured_events.csv
[2026-06-13T21:17:46+07:00] pg         <good>   polled → pg_events.csv
[2026-06-13T21:17:47+07:00] mongo      <good>   polled → mongo_events.csv
[2026-06-13T21:17:47+07:00] unstr      <good>   polled → unstructured_events.csv
[2026-06-13T21:17:57+07:00] pg         <good>   polled → pg_events.csv
[2026-06-13T21:17:58+07:00] mongo      <good>   polled → mongo_events.csv
[2026-06-13T21:17:58+07:00] unstr      <good>   polled → unstructured_events.csv
[2026-06-13T21:18:08+07:00] pg         <good>   polled → pg_events.csv
[2026-06-13T21:18:09+07:00] mongo      <good>   polled → mongo_events.csv
[2026-06-13T21:18:09+07:00] unstr      <good>   polled → unstructured_events.csv
[2026-06-13T21:18:19+07:00] pg         <good>   polled → pg_events.csv
[2026-06-13T21:18:20+07:00] mongo      <good>   polled → mongo_events.csv
[2026-06-13T21:18:20+07:00] unstr      <good>   polled → unstructured_events.csv
[2026-06-13T21:18:30+07:00] pg         <good>   polled → pg_events.csv
[2026-06-13T21:18:31+07:00] mongo      <good>   polled → mongo_events.csv
[2026-06-13T21:18:31+07:00] unstr      <good>   polled → unstructured_events.csv
[2026-06-13T21:18:41+07:00] pg         <good>   polled → pg_events.csv
[2026-06-13T21:18:42+07:00] mongo      <good>   polled → mongo_events.csv
[2026-06-13T21:18:42+07:00] unstr      <good>   polled → unstructured_events.csv
[2026-06-13T21:18:52+07:00] pg         <good>   polled → pg_events.csv
[2026-06-13T21:18:53+07:00] mongo      <good>   polled → mongo_events.csv
[2026-06-13T21:18:53+07:00] unstr      <good>   polled → unstructured_events.csv
[2026-06-13T21:19:03+07:00] pg         <good>   polled → pg_events.csv
[2026-06-13T21:19:04+07:00] mongo      <good>   polled → mongo_events.csv
[2026-06-13T21:19:04+07:00] unstr      <good>   polled → unstructured_events.csv
[2026-06-13T21:19:14+07:00] pg         <good>   polled → pg_events.csv
[2026-06-13T21:19:15+07:00] mongo      <good>   polled → mongo_events.csv
[2026-06-13T21:19:15+07:00] unstr      <good>   polled → unstructured_events.csv
[2026-06-13T21:19:25+07:00] pg         <good>   polled → pg_events.csv
[2026-06-13T21:19:26+07:00] mongo      <good>   polled → mongo_events.csv
[2026-06-13T21:19:26+07:00] unstr      <good>   polled → unstructured_events.csv
[2026-06-13T21:19:36+07:00] pg         <good>   polled → pg_events.csv
[2026-06-13T21:19:37+07:00] mongo      <good>   polled → mongo_events.csv
[2026-06-13T21:19:37+07:00] unstr      <good>   polled → unstructured_events.csv
[2026-06-13T21:19:47+07:00] pg         <good>   polled → pg_events.csv
[2026-06-13T21:19:48+07:00] mongo      <good>   polled → mongo_events.csv
[2026-06-13T21:19:48+07:00] unstr      <good>   polled → unstructured_events.csv
[2026-06-13T21:19:58+07:00] pg         <good>   polled → pg_events.csv
[2026-06-13T21:19:59+07:00] mongo      <good>   polled → mongo_events.csv
[2026-06-13T21:19:59+07:00] unstr      <good>   polled → unstructured_events.csv
[2026-06-13T21:20:10+07:00] pg         <good>   polled → pg_events.csv
[2026-06-13T21:20:11+07:00] mongo      <good>   polled → mongo_events.csv
[2026-06-13T21:20:11+07:00] unstr      <good>   polled → unstructured_events.csv
[2026-06-13T21:20:21+07:00] pg         <good>   polled → pg_events.csv
[2026-06-13T21:20:22+07:00] mongo      <good>   polled → mongo_events.csv
[2026-06-13T21:20:22+07:00] unstr      <good>   polled → unstructured_events.csv
[2026-06-13T21:20:32+07:00] pg         <good>   polled → pg_events.csv
[2026-06-13T21:20:33+07:00] mongo      <good>   polled → mongo_events.csv
[2026-06-13T21:20:33+07:00] unstr      <good>   polled → unstructured_events.csv
[2026-06-13T21:20:43+07:00] pg         <good>   polled → pg_events.csv
[2026-06-13T21:20:45+07:00] mongo      <good>   polled → mongo_events.csv
[2026-06-13T21:20:45+07:00] unstr      <good>   polled → unstructured_events.csv
[2026-06-13T21:20:47+0700] main       <info>   ──────────────────────────────────────────────────────
[2026-06-13T21:20:47+0700] main       <info>   Cycle #2 starting
[2026-06-13T21:20:47+07:00] main       <info>   starting cycle=20260613_212047 at=2026-06-13T21:20:47.272520+07:00
[2026-06-13T21:20:47+07:00] main       <info>   output_root=/home/primary/data/backup-cycles
[2026-06-13T21:20:47+07:00] main       <info>   staging_root=/home/primary/data/backup-staging
[2026-06-13T21:20:47+07:00] main       <info>   state_db=/home/primary/data/backup-metadata/pfc_index.db
[2026-06-13T21:20:47+07:00] main       <info>   retention max_cycles=30 max_bytes=50.00 GiB cycle_cap=10.00 GiB
[2026-06-13T21:20:47+07:00] main       <info>   chain_version=chain-v1 versioned_cycles_root=/home/primary/data/backup-cycles/chain-v1
[2026-06-13T21:20:47+07:00] main       <info>   last_cycle_ts=1781360130 (2026-06-13T21:15:30+07:00)
[2026-06-13T21:20:48+07:00] mongo      <good>   oplog compressed raw=566.56 KiB stored=28.03 KiB ratio=0.049 elapsed=0.01s
[2026-06-13T21:20:48+07:00] fixtures   <good>   seeded target=/home/primary/data/unstructured/fixtures copied=0 skipped=25 bytes=0 elapsed=0.00s
[2026-06-13T21:20:50+07:00] main       <info>   staging_size=21.68 MiB checked_in=0.00s
[2026-06-13T21:20:50+07:00] main       <good>   wrote checksums=/home/primary/data/backup-staging/cycle_20260613_212047.tmp/checksums.sha256
[2026-06-13T21:20:50+07:00] main       <good>   finalized dir elapsed=0.00s
[2026-06-13T21:20:50+07:00] verify     <good>   ok elapsed=0.05s
[2026-06-13T21:20:50+07:00] pg         <info>   state pg_last_wal_fname=000000010000000000000005
[2026-06-13T21:20:50+07:00] main       <info>   retention elapsed=0.00s
[2026-06-13T21:20:50+07:00] transfer   <info>   pushing to 1 destination(s) as 'chain-v1/20260613_212047': ['recovery@192.168.10.129:/home/recovery/local-backup/incoming']
[2026-06-13T21:20:52+07:00] transfer   <good>   all 1 destination(s) OK elapsed=2.24s
[2026-06-13T21:20:52+07:00] main       <info>   Deleting local cycle since it was transferred: /home/primary/data/backup-cycles/chain-v1/20260613_212047
[2026-06-13T21:20:52+07:00] main       <info>   cycle_summary: wal_files=1 (16.00 MiB), pfc_chunks=30 (stored=5.65 MiB, raw=16.64 MiB), cycle_stored=0 B chain=chain-v1
[2026-06-13T21:20:52+07:00] main       <good>   completed cycle=20260613_212047 chain=chain-v1 elapsed=5.70s
[2026-06-13T21:20:52+0700] main       <good>   Cycle #2 completed OK
[2026-06-13T21:20:53+0700] main       <info>   Sleeping 5m until next cycle …
[2026-06-13T21:20:55+07:00] pg         <good>   polled → pg_events.csv
[2026-06-13T21:20:55+07:00] mongo      <good>   polled → mongo_events.csv
[2026-06-13T21:20:55+07:00] unstr      <good>   polled → unstructured_events.csv
[2026-06-13T21:21:06+07:00] pg         <good>   polled → pg_events.csv
[2026-06-13T21:21:07+07:00] mongo      <good>   polled → mongo_events.csv
[2026-06-13T21:21:07+07:00] unstr      <good>   polled → unstructured_events.csv
[2026-06-13T21:21:17+07:00] pg         <good>   polled → pg_events.csv
[2026-06-13T21:21:18+07:00] mongo      <good>   polled → mongo_events.csv
[2026-06-13T21:21:18+07:00] unstr      <good>   polled → unstructured_events.csv
[2026-06-13T21:21:28+07:00] pg         <good>   polled → pg_events.csv
[2026-06-13T21:21:29+07:00] mongo      <good>   polled → mongo_events.csv
[2026-06-13T21:21:29+07:00] unstr      <good>   polled → unstructured_events.csv
[2026-06-13T21:21:39+07:00] pg         <good>   polled → pg_events.csv
[2026-06-13T21:21:40+07:00] mongo      <good>   polled → mongo_events.csv
[2026-06-13T21:21:40+07:00] unstr      <good>   polled → unstructured_events.csv
[2026-06-13T21:21:50+07:00] pg         <good>   polled → pg_events.csv
[2026-06-13T21:21:51+07:00] mongo      <good>   polled → mongo_events.csv
[2026-06-13T21:21:51+07:00] unstr      <good>   polled → unstructured_events.csv
[2026-06-13T21:22:01+07:00] pg         <good>   polled → pg_events.csv
[2026-06-13T21:22:02+07:00] mongo      <good>   polled → mongo_events.csv
[2026-06-13T21:22:02+07:00] unstr      <good>   polled → unstructured_events.csv
[2026-06-13T21:22:12+07:00] pg         <good>   polled → pg_events.csv
[2026-06-13T21:22:13+07:00] mongo      <good>   polled → mongo_events.csv
[2026-06-13T21:22:13+07:00] unstr      <good>   polled → unstructured_events.csv
[2026-06-13T21:22:23+07:00] pg         <good>   polled → pg_events.csv
[2026-06-13T21:22:24+07:00] mongo      <good>   polled → mongo_events.csv
[2026-06-13T21:22:24+07:00] unstr      <good>   polled → unstructured_events.csv
[2026-06-13T21:22:34+07:00] pg         <good>   polled → pg_events.csv
[2026-06-13T21:22:35+07:00] mongo      <good>   polled → mongo_events.csv
[2026-06-13T21:22:35+07:00] unstr      <good>   polled → unstructured_events.csv
[2026-06-13T21:22:45+07:00] pg         <good>   polled → pg_events.csv
[2026-06-13T21:22:46+07:00] mongo      <good>   polled → mongo_events.csv
[2026-06-13T21:22:46+07:00] unstr      <good>   polled → unstructured_events.csv
[2026-06-13T21:22:56+07:00] pg         <good>   polled → pg_events.csv
[2026-06-13T21:22:57+07:00] mongo      <good>   polled → mongo_events.csv
[2026-06-13T21:22:57+07:00] unstr      <good>   polled → unstructured_events.csv
[2026-06-13T21:23:07+07:00] pg         <good>   polled → pg_events.csv
[2026-06-13T21:23:08+07:00] mongo      <good>   polled → mongo_events.csv
[2026-06-13T21:23:08+07:00] unstr      <good>   polled → unstructured_events.csv
[2026-06-13T21:23:18+07:00] pg         <good>   polled → pg_events.csv
[2026-06-13T21:23:19+07:00] mongo      <good>   polled → mongo_events.csv
[2026-06-13T21:23:19+07:00] unstr      <good>   polled → unstructured_events.csv
[2026-06-13T21:23:29+07:00] pg         <good>   polled → pg_events.csv
[2026-06-13T21:23:30+07:00] mongo      <good>   polled → mongo_events.csv
[2026-06-13T21:23:30+07:00] unstr      <good>   polled → unstructured_events.csv
[2026-06-13T21:23:41+07:00] pg         <good>   polled → pg_events.csv
[2026-06-13T21:23:42+07:00] mongo      <good>   polled → mongo_events.csv
[2026-06-13T21:23:42+07:00] unstr      <good>   polled → unstructured_events.csv
[2026-06-13T21:23:52+07:00] pg         <good>   polled → pg_events.csv
[2026-06-13T21:23:52+07:00] mongo      <good>   polled → mongo_events.csv
[2026-06-13T21:23:52+07:00] unstr      <good>   polled → unstructured_events.csv
[2026-06-13T21:24:03+07:00] pg         <good>   polled → pg_events.csv
[2026-06-13T21:24:04+07:00] mongo      <good>   polled → mongo_events.csv
[2026-06-13T21:24:04+07:00] unstr      <good>   polled → unstructured_events.csv
[2026-06-13T21:24:14+07:00] pg         <good>   polled → pg_events.csv
[2026-06-13T21:24:15+07:00] mongo      <good>   polled → mongo_events.csv
[2026-06-13T21:24:15+07:00] unstr      <good>   polled → unstructured_events.csv
[2026-06-13T21:24:25+07:00] pg         <good>   polled → pg_events.csv
[2026-06-13T21:24:26+07:00] mongo      <good>   polled → mongo_events.csv
[2026-06-13T21:24:26+07:00] unstr      <good>   polled → unstructured_events.csv
[2026-06-13T21:24:36+07:00] pg         <good>   polled → pg_events.csv
[2026-06-13T21:24:37+07:00] mongo      <good>   polled → mongo_events.csv
[2026-06-13T21:24:37+07:00] unstr      <good>   polled → unstructured_events.csv
[2026-06-13T21:24:47+07:00] pg         <good>   polled → pg_events.csv
[2026-06-13T21:24:48+07:00] mongo      <good>   polled → mongo_events.csv
[2026-06-13T21:24:48+07:00] unstr      <good>   polled → unstructured_events.csv
[2026-06-13T21:24:58+07:00] pg         <good>   polled → pg_events.csv
[2026-06-13T21:24:59+07:00] mongo      <good>   polled → mongo_events.csv
[2026-06-13T21:24:59+07:00] unstr      <good>   polled → unstructured_events.csv
[2026-06-13T21:25:09+07:00] pg         <good>   polled → pg_events.csv
[2026-06-13T21:25:10+07:00] mongo      <good>   polled → mongo_events.csv
[2026-06-13T21:25:10+07:00] unstr      <good>   polled → unstructured_events.csv
[2026-06-13T21:25:20+07:00] pg         <good>   polled → pg_events.csv
[2026-06-13T21:25:21+07:00] mongo      <good>   polled → mongo_events.csv
[2026-06-13T21:25:21+07:00] unstr      <good>   polled → unstructured_events.csv
[2026-06-13T21:25:31+07:00] pg         <good>   polled → pg_events.csv
[2026-06-13T21:25:32+07:00] mongo      <good>   polled → mongo_events.csv
[2026-06-13T21:25:32+07:00] unstr      <good>   polled → unstructured_events.csv
[2026-06-13T21:25:42+07:00] pg         <good>   polled → pg_events.csv
[2026-06-13T21:25:43+07:00] mongo      <good>   polled → mongo_events.csv
[2026-06-13T21:25:43+07:00] unstr      <good>   polled → unstructured_events.csv
[2026-06-13T21:25:53+0700] main       <info>   ──────────────────────────────────────────────────────
[2026-06-13T21:25:53+0700] main       <info>   Cycle #3 starting
[2026-06-13T21:25:53+07:00] main       <info>   starting cycle=20260613_212553 at=2026-06-13T21:25:53.105494+07:00
[2026-06-13T21:25:53+07:00] main       <info>   output_root=/home/primary/data/backup-cycles
[2026-06-13T21:25:53+07:00] main       <info>   staging_root=/home/primary/data/backup-staging
[2026-06-13T21:25:53+07:00] main       <info>   state_db=/home/primary/data/backup-metadata/pfc_index.db
[2026-06-13T21:25:53+07:00] main       <info>   retention max_cycles=30 max_bytes=50.00 GiB cycle_cap=10.00 GiB
[2026-06-13T21:25:53+07:00] main       <info>   chain_version=chain-v1 versioned_cycles_root=/home/primary/data/backup-cycles/chain-v1
[2026-06-13T21:25:53+07:00] main       <info>   last_cycle_ts=1781360450 (2026-06-13T21:20:50+07:00)
[2026-06-13T21:25:53+07:00] pg         <info>   no new WAL files
[2026-06-13T21:25:53+07:00] pg         <good>   polled → pg_events.csv
[2026-06-13T21:25:55+07:00] mongo      <good>   polled → mongo_events.csv
[2026-06-13T21:25:55+07:00] unstr      <good>   polled → unstructured_events.csv
[2026-06-13T21:25:55+07:00] mongo      <good>   oplog compressed raw=521.76 KiB stored=26.50 KiB ratio=0.051 elapsed=0.01s
[2026-06-13T21:25:55+07:00] fixtures   <good>   seeded target=/home/primary/data/unstructured/fixtures copied=0 skipped=25 bytes=0 elapsed=0.00s
[2026-06-13T21:25:55+07:00] main       <info>   staging_size=2.64 MiB checked_in=0.00s
[2026-06-13T21:25:55+07:00] main       <good>   wrote checksums=/home/primary/data/backup-staging/cycle_20260613_212553.tmp/checksums.sha256
[2026-06-13T21:25:55+07:00] main       <good>   finalized dir elapsed=0.00s
[2026-06-13T21:25:55+07:00] verify     <good>   ok elapsed=0.01s
[2026-06-13T21:25:55+07:00] main       <info>   retention elapsed=0.00s
[2026-06-13T21:25:55+07:00] transfer   <info>   pushing to 1 destination(s) as 'chain-v1/20260613_212553': ['recovery@192.168.10.129:/home/recovery/local-backup/incoming']
[2026-06-13T21:25:57+07:00] transfer   <good>   all 1 destination(s) OK elapsed=1.29s
[2026-06-13T21:25:57+07:00] main       <info>   Deleting local cycle since it was transferred: /home/primary/data/backup-cycles/chain-v1/20260613_212553
[2026-06-13T21:25:57+07:00] main       <info>   cycle_summary: wal_files=0 (0 B), pfc_chunks=18 (stored=2.61 MiB, raw=7.82 MiB), cycle_stored=0 B chain=chain-v1
[2026-06-13T21:25:57+07:00] main       <good>   completed cycle=20260613_212553 chain=chain-v1 elapsed=4.13s
[2026-06-13T21:25:57+0700] main       <good>   Cycle #3 completed OK
[2026-06-13T21:25:57+0700] main       <info>   Sleeping 5m until next cycle …
[2026-06-13T21:26:05+07:00] pg         <good>   polled → pg_events.csv
[2026-06-13T21:26:06+07:00] mongo      <good>   polled → mongo_events.csv
[2026-06-13T21:26:06+07:00] unstr      <good>   polled → unstructured_events.csv
[2026-06-13T21:26:16+07:00] pg         <good>   polled → pg_events.csv
[2026-06-13T21:26:16+07:00] mongo      <good>   polled → mongo_events.csv
[2026-06-13T21:26:17+07:00] unstr      <good>   polled → unstructured_events.csv
[2026-06-13T21:26:27+07:00] pg         <good>   polled → pg_events.csv
[2026-06-13T21:26:28+07:00] mongo      <good>   polled → mongo_events.csv
[2026-06-13T21:26:28+07:00] unstr      <good>   polled → unstructured_events.csv
[2026-06-13T21:26:38+07:00] pg         <good>   polled → pg_events.csv
[2026-06-13T21:26:39+07:00] mongo      <good>   polled → mongo_events.csv
[2026-06-13T21:26:39+07:00] unstr      <good>   polled → unstructured_events.csv
[2026-06-13T21:26:49+07:00] pg         <good>   polled → pg_events.csv
[2026-06-13T21:26:50+07:00] mongo      <good>   polled → mongo_events.csv
[2026-06-13T21:26:50+07:00] unstr      <good>   polled → unstructured_events.csv
[2026-06-13T21:27:00+07:00] pg         <good>   polled → pg_events.csv
[2026-06-13T21:27:00+07:00] mongo      <good>   polled → mongo_events.csv
[2026-06-13T21:27:00+07:00] unstr      <good>   polled → unstructured_events.csv
[2026-06-13T21:27:11+07:00] pg         <good>   polled → pg_events.csv
[2026-06-13T21:27:11+07:00] mongo      <good>   polled → mongo_events.csv
[2026-06-13T21:27:11+07:00] unstr      <good>   polled → unstructured_events.csv
[2026-06-13T21:27:22+07:00] pg         <good>   polled → pg_events.csv
[2026-06-13T21:27:22+07:00] mongo      <good>   polled → mongo_events.csv
[2026-06-13T21:27:22+07:00] unstr      <good>   polled → unstructured_events.csv
[2026-06-13T21:27:33+07:00] pg         <good>   polled → pg_events.csv
[2026-06-13T21:27:33+07:00] mongo      <good>   polled → mongo_events.csv
[2026-06-13T21:27:33+07:00] unstr      <good>   polled → unstructured_events.csv
[2026-06-13T21:27:43+07:00] pg         <good>   polled → pg_events.csv
[2026-06-13T21:27:44+07:00] mongo      <good>   polled → mongo_events.csv
[2026-06-13T21:27:44+07:00] unstr      <good>   polled → unstructured_events.csv
[2026-06-13T21:27:55+07:00] pg         <good>   polled → pg_events.csv
[2026-06-13T21:27:56+07:00] mongo      <good>   polled → mongo_events.csv
[2026-06-13T21:27:56+07:00] unstr      <good>   polled → unstructured_events.csv
[2026-06-13T21:28:06+07:00] pg         <good>   polled → pg_events.csv
[2026-06-13T21:28:07+07:00] mongo      <good>   polled → mongo_events.csv
[2026-06-13T21:28:07+07:00] unstr      <good>   polled → unstructured_events.csv
[2026-06-13T21:28:17+07:00] pg         <good>   polled → pg_events.csv
[2026-06-13T21:28:18+07:00] mongo      <good>   polled → mongo_events.csv
[2026-06-13T21:28:18+07:00] unstr      <good>   polled → unstructured_events.csv
[2026-06-13T21:28:28+07:00] pg         <good>   polled → pg_events.csv
[2026-06-13T21:28:29+07:00] mongo      <good>   polled → mongo_events.csv
[2026-06-13T21:28:29+07:00] unstr      <good>   polled → unstructured_events.csv
[2026-06-13T21:28:39+07:00] pg         <good>   polled → pg_events.csv
[2026-06-13T21:28:40+07:00] mongo      <good>   polled → mongo_events.csv
[2026-06-13T21:28:40+07:00] unstr      <good>   polled → unstructured_events.csv
[2026-06-13T21:28:50+07:00] pg         <good>   polled → pg_events.csv
[2026-06-13T21:28:51+07:00] mongo      <good>   polled → mongo_events.csv
[2026-06-13T21:28:51+07:00] unstr      <good>   polled → unstructured_events.csv
[2026-06-13T21:29:01+07:00] pg         <good>   polled → pg_events.csv
[2026-06-13T21:29:03+07:00] mongo      <good>   polled → mongo_events.csv
[2026-06-13T21:29:03+07:00] unstr      <good>   polled → unstructured_events.csv
[2026-06-13T21:29:13+07:00] pg         <good>   polled → pg_events.csv
[2026-06-13T21:29:14+07:00] mongo      <good>   polled → mongo_events.csv
[2026-06-13T21:29:14+07:00] unstr      <good>   polled → unstructured_events.csv
[2026-06-13T21:29:24+07:00] pg         <good>   polled → pg_events.csv
[2026-06-13T21:29:25+07:00] mongo      <good>   polled → mongo_events.csv
[2026-06-13T21:29:25+07:00] unstr      <good>   polled → unstructured_events.csv
[2026-06-13T21:29:35+07:00] pg         <good>   polled → pg_events.csv
[2026-06-13T21:29:36+07:00] mongo      <good>   polled → mongo_events.csv
[2026-06-13T21:29:36+07:00] unstr      <good>   polled → unstructured_events.csv
[2026-06-13T21:29:46+07:00] pg         <good>   polled → pg_events.csv
[2026-06-13T21:29:47+07:00] mongo      <good>   polled → mongo_events.csv
[2026-06-13T21:29:47+07:00] unstr      <good>   polled → unstructured_events.csv
[2026-06-13T21:29:57+07:00] pg         <good>   polled → pg_events.csv
[2026-06-13T21:29:58+07:00] mongo      <good>   polled → mongo_events.csv
[2026-06-13T21:29:58+07:00] unstr      <good>   polled → unstructured_events.csv
[2026-06-13T21:30:08+07:00] pg         <good>   polled → pg_events.csv
[2026-06-13T21:30:09+07:00] mongo      <good>   polled → mongo_events.csv
[2026-06-13T21:30:09+07:00] unstr      <good>   polled → unstructured_events.csv
[2026-06-13T21:30:19+07:00] pg         <good>   polled → pg_events.csv
[2026-06-13T21:30:20+07:00] mongo      <good>   polled → mongo_events.csv
[2026-06-13T21:30:20+07:00] unstr      <good>   polled → unstructured_events.csv
[2026-06-13T21:30:30+07:00] pg         <good>   polled → pg_events.csv
[2026-06-13T21:30:31+07:00] mongo      <good>   polled → mongo_events.csv
[2026-06-13T21:30:31+07:00] unstr      <good>   polled → unstructured_events.csv
[2026-06-13T21:30:41+07:00] pg         <good>   polled → pg_events.csv
[2026-06-13T21:30:42+07:00] mongo      <good>   polled → mongo_events.csv
[2026-06-13T21:30:42+07:00] unstr      <good>   polled → unstructured_events.csv
[2026-06-13T21:30:52+07:00] pg         <good>   polled → pg_events.csv
[2026-06-13T21:30:53+07:00] mongo      <good>   polled → mongo_events.csv
[2026-06-13T21:30:53+07:00] unstr      <good>   polled → unstructured_events.csv
[2026-06-13T21:30:57+0700] main       <info>   ──────────────────────────────────────────────────────
[2026-06-13T21:30:57+0700] main       <info>   Cycle #4 starting
[2026-06-13T21:30:57+07:00] main       <info>   starting cycle=20260613_213057 at=2026-06-13T21:30:57.373370+07:00
[2026-06-13T21:30:57+07:00] main       <info>   output_root=/home/primary/data/backup-cycles
[2026-06-13T21:30:57+07:00] main       <info>   staging_root=/home/primary/data/backup-staging
[2026-06-13T21:30:57+07:00] main       <info>   state_db=/home/primary/data/backup-metadata/pfc_index.db
[2026-06-13T21:30:57+07:00] main       <info>   retention max_cycles=30 max_bytes=50.00 GiB cycle_cap=10.00 GiB
[2026-06-13T21:30:57+07:00] main       <info>   chain_version=chain-v1 versioned_cycles_root=/home/primary/data/backup-cycles/chain-v1
[2026-06-13T21:30:57+07:00] main       <info>   last_cycle_ts=1781360755 (2026-06-13T21:25:55+07:00)
[2026-06-13T21:30:57+07:00] pg         <info>   no new WAL files
[2026-06-13T21:30:58+07:00] mongo      <good>   oplog compressed raw=370.14 KiB stored=19.57 KiB ratio=0.053 elapsed=0.01s
[2026-06-13T21:30:58+07:00] fixtures   <good>   seeded target=/home/primary/data/unstructured/fixtures copied=0 skipped=25 bytes=0 elapsed=0.00s
[2026-06-13T21:31:00+07:00] main       <info>   staging_size=3.90 MiB checked_in=0.00s
[2026-06-13T21:31:00+07:00] main       <good>   wrote checksums=/home/primary/data/backup-staging/cycle_20260613_213057.tmp/checksums.sha256
[2026-06-13T21:31:00+07:00] main       <good>   finalized dir elapsed=0.00s
[2026-06-13T21:31:00+07:00] verify     <good>   ok elapsed=0.01s
[2026-06-13T21:31:00+07:00] main       <info>   retention elapsed=0.00s
[2026-06-13T21:31:00+07:00] transfer   <info>   pushing to 1 destination(s) as 'chain-v1/20260613_213057': ['recovery@192.168.10.129:/home/recovery/local-backup/incoming']
[2026-06-13T21:31:01+07:00] transfer   <good>   all 1 destination(s) OK elapsed=1.37s
[2026-06-13T21:31:01+07:00] main       <info>   Deleting local cycle since it was transferred: /home/primary/data/backup-cycles/chain-v1/20260613_213057
[2026-06-13T21:31:01+07:00] main       <info>   cycle_summary: wal_files=0 (0 B), pfc_chunks=24 (stored=3.88 MiB, raw=11.60 MiB), cycle_stored=0 B chain=chain-v1
[2026-06-13T21:31:01+07:00] main       <good>   completed cycle=20260613_213057 chain=chain-v1 elapsed=4.08s
[2026-06-13T21:31:01+0700] main       <good>   Cycle #4 completed OK
[2026-06-13T21:31:01+0700] main       <info>   Sleeping 5m until next cycle …
[2026-06-13T21:31:03+07:00] pg         <good>   polled → pg_events.csv
[2026-06-13T21:31:04+07:00] mongo      <good>   polled → mongo_events.csv
[2026-06-13T21:31:04+07:00] unstr      <good>   polled → unstructured_events.csv
[2026-06-13T21:31:14+07:00] pg         <good>   polled → pg_events.csv
[2026-06-13T21:31:15+07:00] mongo      <good>   polled → mongo_events.csv
[2026-06-13T21:31:15+07:00] unstr      <good>   polled → unstructured_events.csv
[2026-06-13T21:31:25+07:00] pg         <good>   polled → pg_events.csv
[2026-06-13T21:31:26+07:00] mongo      <good>   polled → mongo_events.csv
[2026-06-13T21:31:26+07:00] unstr      <good>   polled → unstructured_events.csv
[2026-06-13T21:31:36+07:00] pg         <good>   polled → pg_events.csv
[2026-06-13T21:31:37+07:00] mongo      <good>   polled → mongo_events.csv
[2026-06-13T21:31:37+07:00] unstr      <good>   polled → unstructured_events.csv
[2026-06-13T21:31:47+07:00] pg         <good>   polled → pg_events.csv
[2026-06-13T21:31:48+07:00] mongo      <good>   polled → mongo_events.csv
[2026-06-13T21:31:48+07:00] unstr      <good>   polled → unstructured_events.csv
[2026-06-13T21:31:58+07:00] pg         <good>   polled → pg_events.csv
[2026-06-13T21:31:59+07:00] mongo      <good>   polled → mongo_events.csv
[2026-06-13T21:31:59+07:00] unstr      <good>   polled → unstructured_events.csv
[2026-06-13T21:32:09+07:00] pg         <good>   polled → pg_events.csv
[2026-06-13T21:32:10+07:00] mongo      <good>   polled → mongo_events.csv
[2026-06-13T21:32:10+07:00] unstr      <good>   polled → unstructured_events.csv
[2026-06-13T21:32:20+07:00] pg         <good>   polled → pg_events.csv
[2026-06-13T21:32:21+07:00] mongo      <good>   polled → mongo_events.csv
[2026-06-13T21:32:21+07:00] unstr      <good>   polled → unstructured_events.csv
[2026-06-13T21:32:31+07:00] pg         <good>   polled → pg_events.csv
[2026-06-13T21:32:32+07:00] mongo      <good>   polled → mongo_events.csv
[2026-06-13T21:32:32+07:00] unstr      <good>   polled → unstructured_events.csv
[2026-06-13T21:32:42+07:00] pg         <good>   polled → pg_events.csv
[2026-06-13T21:32:43+07:00] mongo      <good>   polled → mongo_events.csv
[2026-06-13T21:32:43+07:00] unstr      <good>   polled → unstructured_events.csv
[2026-06-13T21:32:53+07:00] pg         <good>   polled → pg_events.csv
[2026-06-13T21:32:54+07:00] mongo      <good>   polled → mongo_events.csv
[2026-06-13T21:32:54+07:00] unstr      <good>   polled → unstructured_events.csv
[2026-06-13T21:33:04+07:00] pg         <good>   polled → pg_events.csv
[2026-06-13T21:33:05+07:00] mongo      <good>   polled → mongo_events.csv
[2026-06-13T21:33:05+07:00] unstr      <good>   polled → unstructured_events.csv
[2026-06-13T21:33:15+07:00] pg         <good>   polled → pg_events.csv
[2026-06-13T21:33:16+07:00] mongo      <good>   polled → mongo_events.csv
[2026-06-13T21:33:16+07:00] unstr      <good>   polled → unstructured_events.csv
[2026-06-13T21:33:26+07:00] pg         <good>   polled → pg_events.csv
[2026-06-13T21:33:27+07:00] mongo      <good>   polled → mongo_events.csv
[2026-06-13T21:33:27+07:00] unstr      <good>   polled → unstructured_events.csv
[2026-06-13T21:33:37+07:00] pg         <good>   polled → pg_events.csv
[2026-06-13T21:33:38+07:00] mongo      <good>   polled → mongo_events.csv
[2026-06-13T21:33:38+07:00] unstr      <good>   polled → unstructured_events.csv
[2026-06-13T21:33:48+07:00] pg         <good>   polled → pg_events.csv
[2026-06-13T21:33:49+07:00] mongo      <good>   polled → mongo_events.csv
[2026-06-13T21:33:49+07:00] unstr      <good>   polled → unstructured_events.csv
[2026-06-13T21:33:59+07:00] pg         <good>   polled → pg_events.csv
[2026-06-13T21:34:00+07:00] mongo      <good>   polled → mongo_events.csv
[2026-06-13T21:34:00+07:00] unstr      <good>   polled → unstructured_events.csv
[2026-06-13T21:34:10+07:00] pg         <good>   polled → pg_events.csv
[2026-06-13T21:34:11+07:00] mongo      <good>   polled → mongo_events.csv
[2026-06-13T21:34:11+07:00] unstr      <good>   polled → unstructured_events.csv
[2026-06-13T21:34:21+07:00] pg         <good>   polled → pg_events.csv
[2026-06-13T21:34:22+07:00] mongo      <good>   polled → mongo_events.csv
[2026-06-13T21:34:22+07:00] unstr      <good>   polled → unstructured_events.csv
[2026-06-13T21:34:32+07:00] pg         <good>   polled → pg_events.csv
[2026-06-13T21:34:33+07:00] mongo      <good>   polled → mongo_events.csv
[2026-06-13T21:34:33+07:00] unstr      <good>   polled → unstructured_events.csv
[2026-06-13T21:34:43+07:00] pg         <good>   polled → pg_events.csv
[2026-06-13T21:34:44+07:00] mongo      <good>   polled → mongo_events.csv
[2026-06-13T21:34:44+07:00] unstr      <good>   polled → unstructured_events.csv
[2026-06-13T21:34:54+07:00] pg         <good>   polled → pg_events.csv
[2026-06-13T21:34:55+07:00] mongo      <good>   polled → mongo_events.csv
[2026-06-13T21:34:55+07:00] unstr      <good>   polled → unstructured_events.csv
[2026-06-13T21:35:05+07:00] pg         <good>   polled → pg_events.csv
[2026-06-13T21:35:06+07:00] mongo      <good>   polled → mongo_events.csv
[2026-06-13T21:35:06+07:00] unstr      <good>   polled → unstructured_events.csv
[2026-06-13T21:35:16+07:00] pg         <good>   polled → pg_events.csv
[2026-06-13T21:35:17+07:00] mongo      <good>   polled → mongo_events.csv
[2026-06-13T21:35:17+07:00] unstr      <good>   polled → unstructured_events.csv
[2026-06-13T21:35:27+07:00] pg         <good>   polled → pg_events.csv
[2026-06-13T21:35:28+07:00] mongo      <good>   polled → mongo_events.csv
[2026-06-13T21:35:28+07:00] unstr      <good>   polled → unstructured_events.csv
[2026-06-13T21:35:38+07:00] pg         <good>   polled → pg_events.csv
[2026-06-13T21:35:39+07:00] mongo      <good>   polled → mongo_events.csv
[2026-06-13T21:35:39+07:00] unstr      <good>   polled → unstructured_events.csv
[2026-06-13T21:35:49+07:00] pg         <good>   polled → pg_events.csv
[2026-06-13T21:35:50+07:00] mongo      <good>   polled → mongo_events.csv
[2026-06-13T21:35:50+07:00] unstr      <good>   polled → unstructured_events.csv
[2026-06-13T21:36:00+07:00] pg         <good>   polled → pg_events.csv
[2026-06-13T21:36:01+07:00] mongo      <good>   polled → mongo_events.csv
[2026-06-13T21:36:01+07:00] unstr      <good>   polled → unstructured_events.csv
[2026-06-13T21:36:01+0700] main       <info>   ──────────────────────────────────────────────────────
[2026-06-13T21:36:01+0700] main       <info>   Cycle #5 starting
[2026-06-13T21:36:01+07:00] main       <info>   starting cycle=20260613_213601 at=2026-06-13T21:36:01.621267+07:00
[2026-06-13T21:36:01+07:00] main       <info>   output_root=/home/primary/data/backup-cycles
[2026-06-13T21:36:01+07:00] main       <info>   staging_root=/home/primary/data/backup-staging
[2026-06-13T21:36:01+07:00] main       <info>   state_db=/home/primary/data/backup-metadata/pfc_index.db
[2026-06-13T21:36:01+07:00] main       <info>   retention max_cycles=30 max_bytes=50.00 GiB cycle_cap=10.00 GiB
[2026-06-13T21:36:01+07:00] main       <info>   chain_version=chain-v1 versioned_cycles_root=/home/primary/data/backup-cycles/chain-v1
[2026-06-13T21:36:01+07:00] main       <info>   last_cycle_ts=1781361060 (2026-06-13T21:31:00+07:00)
[2026-06-13T21:36:01+07:00] pg         <info>   no new WAL files
[2026-06-13T21:36:03+07:00] mongo      <good>   oplog compressed raw=515.62 KiB stored=26.71 KiB ratio=0.052 elapsed=0.01s
[2026-06-13T21:36:03+07:00] fixtures   <good>   seeded target=/home/primary/data/unstructured/fixtures copied=0 skipped=25 bytes=0 elapsed=0.00s
[2026-06-13T21:36:03+07:00] main       <info>   staging_size=2.73 MiB checked_in=0.00s
[2026-06-13T21:36:03+07:00] main       <good>   wrote checksums=/home/primary/data/backup-staging/cycle_20260613_213601.tmp/checksums.sha256
[2026-06-13T21:36:03+07:00] main       <good>   finalized dir elapsed=0.00s
[2026-06-13T21:36:03+07:00] verify     <good>   ok elapsed=0.01s
[2026-06-13T21:36:03+07:00] main       <info>   retention elapsed=0.00s
[2026-06-13T21:36:03+07:00] transfer   <info>   pushing to 1 destination(s) as 'chain-v1/20260613_213601': ['recovery@192.168.10.129:/home/recovery/local-backup/incoming']
[2026-06-13T21:36:05+07:00] transfer   <good>   all 1 destination(s) OK elapsed=1.23s
[2026-06-13T21:36:05+07:00] main       <info>   Deleting local cycle since it was transferred: /home/primary/data/backup-cycles/chain-v1/20260613_213601
[2026-06-13T21:36:05+07:00] main       <info>   cycle_summary: wal_files=0 (0 B), pfc_chunks=16 (stored=2.70 MiB, raw=8.06 MiB), cycle_stored=0 B chain=chain-v1
[2026-06-13T21:36:05+07:00] main       <good>   completed cycle=20260613_213601 chain=chain-v1 elapsed=3.40s
[2026-06-13T21:36:05+0700] main       <good>   Cycle #5 completed OK
[2026-06-13T21:36:05+0700] main       <info>   Sleeping 5m until next cycle …
[2026-06-13T21:36:11+07:00] pg         <good>   polled → pg_events.csv
[2026-06-13T21:36:12+07:00] mongo      <good>   polled → mongo_events.csv
[2026-06-13T21:36:12+07:00] unstr      <good>   polled → unstructured_events.csv
[2026-06-13T21:36:22+07:00] pg         <good>   polled → pg_events.csv
[2026-06-13T21:36:23+07:00] mongo      <good>   polled → mongo_events.csv
[2026-06-13T21:36:23+07:00] unstr      <good>   polled → unstructured_events.csv
[2026-06-13T21:36:33+07:00] pg         <good>   polled → pg_events.csv
[2026-06-13T21:36:34+07:00] mongo      <good>   polled → mongo_events.csv
[2026-06-13T21:36:34+07:00] unstr      <good>   polled → unstructured_events.csv
[2026-06-13T21:36:44+07:00] pg         <good>   polled → pg_events.csv
[2026-06-13T21:36:45+07:00] mongo      <good>   polled → mongo_events.csv
[2026-06-13T21:36:45+07:00] unstr      <good>   polled → unstructured_events.csv
[2026-06-13T21:36:55+07:00] pg         <good>   polled → pg_events.csv
[2026-06-13T21:36:56+07:00] mongo      <good>   polled → mongo_events.csv
[2026-06-13T21:36:56+07:00] unstr      <good>   polled → unstructured_events.csv
[2026-06-13T21:37:06+07:00] pg         <good>   polled → pg_events.csv
[2026-06-13T21:37:07+07:00] mongo      <good>   polled → mongo_events.csv
[2026-06-13T21:37:07+07:00] unstr      <good>   polled → unstructured_events.csv
[2026-06-13T21:37:17+07:00] pg         <good>   polled → pg_events.csv
[2026-06-13T21:37:18+07:00] mongo      <good>   polled → mongo_events.csv
[2026-06-13T21:37:18+07:00] unstr      <good>   polled → unstructured_events.csv
[2026-06-13T21:37:28+07:00] pg         <good>   polled → pg_events.csv
[2026-06-13T21:37:29+07:00] mongo      <good>   polled → mongo_events.csv
[2026-06-13T21:37:29+07:00] unstr      <good>   polled → unstructured_events.csv
[2026-06-13T21:37:39+07:00] pg         <good>   polled → pg_events.csv
[2026-06-13T21:37:40+07:00] mongo      <good>   polled → mongo_events.csv
[2026-06-13T21:37:40+07:00] unstr      <good>   polled → unstructured_events.csv
[2026-06-13T21:37:50+07:00] pg         <good>   polled → pg_events.csv
[2026-06-13T21:37:51+07:00] mongo      <good>   polled → mongo_events.csv
[2026-06-13T21:37:51+07:00] unstr      <good>   polled → unstructured_events.csv
[2026-06-13T21:38:01+07:00] pg         <good>   polled → pg_events.csv
[2026-06-13T21:38:02+07:00] mongo      <good>   polled → mongo_events.csv
[2026-06-13T21:38:02+07:00] unstr      <good>   polled → unstructured_events.csv
[2026-06-13T21:38:12+07:00] pg         <good>   polled → pg_events.csv
[2026-06-13T21:38:13+07:00] mongo      <good>   polled → mongo_events.csv
[2026-06-13T21:38:13+07:00] unstr      <good>   polled → unstructured_events.csv
[2026-06-13T21:38:23+07:00] pg         <good>   polled → pg_events.csv
[2026-06-13T21:38:24+07:00] mongo      <good>   polled → mongo_events.csv
[2026-06-13T21:38:24+07:00] unstr      <good>   polled → unstructured_events.csv
[2026-06-13T21:38:34+07:00] pg         <good>   polled → pg_events.csv
[2026-06-13T21:38:35+07:00] mongo      <good>   polled → mongo_events.csv
[2026-06-13T21:38:35+07:00] unstr      <good>   polled → unstructured_events.csv
[2026-06-13T21:38:45+07:00] pg         <good>   polled → pg_events.csv
[2026-06-13T21:38:46+07:00] mongo      <good>   polled → mongo_events.csv
[2026-06-13T21:38:46+07:00] unstr      <good>   polled → unstructured_events.csv
[2026-06-13T21:38:56+07:00] pg         <good>   polled → pg_events.csv
[2026-06-13T21:38:57+07:00] mongo      <good>   polled → mongo_events.csv
[2026-06-13T21:38:57+07:00] unstr      <good>   polled → unstructured_events.csv
[2026-06-13T21:39:07+07:00] pg         <good>   polled → pg_events.csv
[2026-06-13T21:39:08+07:00] mongo      <good>   polled → mongo_events.csv
[2026-06-13T21:39:08+07:00] unstr      <good>   polled → unstructured_events.csv
[2026-06-13T21:39:18+07:00] pg         <good>   polled → pg_events.csv
[2026-06-13T21:39:19+07:00] mongo      <good>   polled → mongo_events.csv
[2026-06-13T21:39:19+07:00] unstr      <good>   polled → unstructured_events.csv
[2026-06-13T21:39:29+07:00] pg         <good>   polled → pg_events.csv
[2026-06-13T21:39:30+07:00] mongo      <good>   polled → mongo_events.csv
[2026-06-13T21:39:30+07:00] unstr      <good>   polled → unstructured_events.csv
[2026-06-13T21:39:41+07:00] pg         <good>   polled → pg_events.csv
[2026-06-13T21:39:42+07:00] mongo      <good>   polled → mongo_events.csv
[2026-06-13T21:39:42+07:00] unstr      <good>   polled → unstructured_events.csv
[2026-06-13T21:39:52+07:00] pg         <good>   polled → pg_events.csv
[2026-06-13T21:39:53+07:00] mongo      <good>   polled → mongo_events.csv
[2026-06-13T21:39:53+07:00] unstr      <good>   polled → unstructured_events.csv
[2026-06-13T21:40:03+07:00] pg         <good>   polled → pg_events.csv
[2026-06-13T21:40:04+07:00] mongo      <good>   polled → mongo_events.csv
[2026-06-13T21:40:04+07:00] unstr      <good>   polled → unstructured_events.csv
[2026-06-13T21:40:14+07:00] pg         <good>   polled → pg_events.csv
[2026-06-13T21:40:15+07:00] mongo      <good>   polled → mongo_events.csv
[2026-06-13T21:40:15+07:00] unstr      <good>   polled → unstructured_events.csv
[2026-06-13T21:40:25+07:00] pg         <good>   polled → pg_events.csv
[2026-06-13T21:40:26+07:00] mongo      <good>   polled → mongo_events.csv
[2026-06-13T21:40:26+07:00] unstr      <good>   polled → unstructured_events.csv
[2026-06-13T21:40:36+07:00] pg         <good>   polled → pg_events.csv
[2026-06-13T21:40:37+07:00] mongo      <good>   polled → mongo_events.csv
[2026-06-13T21:40:37+07:00] unstr      <good>   polled → unstructured_events.csv
[2026-06-13T21:40:47+07:00] pg         <good>   polled → pg_events.csv
[2026-06-13T21:40:48+07:00] mongo      <good>   polled → mongo_events.csv
[2026-06-13T21:40:48+07:00] unstr      <good>   polled → unstructured_events.csv
[2026-06-13T21:40:58+07:00] pg         <good>   polled → pg_events.csv
[2026-06-13T21:40:59+07:00] mongo      <good>   polled → mongo_events.csv
[2026-06-13T21:40:59+07:00] unstr      <good>   polled → unstructured_events.csv
[2026-06-13T21:41:05+0700] main       <info>   ──────────────────────────────────────────────────────
[2026-06-13T21:41:05+0700] main       <info>   Cycle #6 starting
[2026-06-13T21:41:05+07:00] main       <info>   starting cycle=20260613_214105 at=2026-06-13T21:41:05.140477+07:00
[2026-06-13T21:41:05+07:00] main       <info>   output_root=/home/primary/data/backup-cycles
[2026-06-13T21:41:05+07:00] main       <info>   staging_root=/home/primary/data/backup-staging
[2026-06-13T21:41:05+07:00] main       <info>   state_db=/home/primary/data/backup-metadata/pfc_index.db
[2026-06-13T21:41:05+07:00] main       <info>   retention max_cycles=30 max_bytes=50.00 GiB cycle_cap=10.00 GiB
[2026-06-13T21:41:05+07:00] main       <info>   chain_version=chain-v1 versioned_cycles_root=/home/primary/data/backup-cycles/chain-v1
[2026-06-13T21:41:05+07:00] main       <info>   last_cycle_ts=1781361363 (2026-06-13T21:36:03+07:00)
[2026-06-13T21:41:05+07:00] pg         <info>   no new WAL files
[2026-06-13T21:41:06+07:00] mongo      <good>   oplog compressed raw=509.83 KiB stored=26.78 KiB ratio=0.053 elapsed=0.01s
[2026-06-13T21:41:06+07:00] fixtures   <good>   seeded target=/home/primary/data/unstructured/fixtures copied=0 skipped=25 bytes=0 elapsed=0.00s
[2026-06-13T21:41:08+07:00] main       <info>   staging_size=8.48 MiB checked_in=0.00s
[2026-06-13T21:41:08+07:00] main       <good>   wrote checksums=/home/primary/data/backup-staging/cycle_20260613_214105.tmp/checksums.sha256
[2026-06-13T21:41:08+07:00] main       <good>   finalized dir elapsed=0.00s
[2026-06-13T21:41:08+07:00] verify     <good>   ok elapsed=0.03s
[2026-06-13T21:41:08+07:00] main       <info>   retention elapsed=0.00s
[2026-06-13T21:41:08+07:00] transfer   <info>   pushing to 1 destination(s) as 'chain-v1/20260613_214105': ['recovery@192.168.10.129:/home/recovery/local-backup/incoming']
[2026-06-13T21:41:09+07:00] transfer   <good>   all 1 destination(s) OK elapsed=1.50s
[2026-06-13T21:41:09+07:00] main       <info>   Deleting local cycle since it was transferred: /home/primary/data/backup-cycles/chain-v1/20260613_214105
[2026-06-13T21:41:09+07:00] main       <info>   cycle_summary: wal_files=0 (0 B), pfc_chunks=55 (stored=8.45 MiB, raw=42.93 MiB), cycle_stored=0 B chain=chain-v1
[2026-06-13T21:41:09+07:00] main       <good>   completed cycle=20260613_214105 chain=chain-v1 elapsed=4.66s
[2026-06-13T21:41:09+0700] main       <good>   Cycle #6 completed OK
[2026-06-13T21:41:09+0700] main       <info>   Sleeping 5m until next cycle …
[2026-06-13T21:41:09+07:00] pg         <good>   polled → pg_events.csv
[2026-06-13T21:41:10+07:00] mongo      <good>   polled → mongo_events.csv
[2026-06-13T21:41:10+07:00] unstr      <good>   polled → unstructured_events.csv
[2026-06-13T21:41:20+07:00] pg         <good>   polled → pg_events.csv
[2026-06-13T21:41:21+07:00] mongo      <good>   polled → mongo_events.csv
[2026-06-13T21:41:21+07:00] unstr      <good>   polled → unstructured_events.csv
[2026-06-13T21:41:31+07:00] pg         <good>   polled → pg_events.csv
[2026-06-13T21:41:32+07:00] mongo      <good>   polled → mongo_events.csv
[2026-06-13T21:41:32+07:00] unstr      <good>   polled → unstructured_events.csv
[2026-06-13T21:41:42+07:00] pg         <good>   polled → pg_events.csv
[2026-06-13T21:41:43+07:00] mongo      <good>   polled → mongo_events.csv
[2026-06-13T21:41:43+07:00] unstr      <good>   polled → unstructured_events.csv
[2026-06-13T21:41:53+07:00] pg         <good>   polled → pg_events.csv
[2026-06-13T21:41:54+07:00] mongo      <good>   polled → mongo_events.csv
[2026-06-13T21:41:54+07:00] unstr      <good>   polled → unstructured_events.csv
[2026-06-13T21:42:04+07:00] pg         <good>   polled → pg_events.csv
[2026-06-13T21:42:05+07:00] mongo      <good>   polled → mongo_events.csv
[2026-06-13T21:42:05+07:00] unstr      <good>   polled → unstructured_events.csv
[2026-06-13T21:42:15+07:00] pg         <good>   polled → pg_events.csv
[2026-06-13T21:42:16+07:00] mongo      <good>   polled → mongo_events.csv
[2026-06-13T21:42:16+07:00] unstr      <good>   polled → unstructured_events.csv
[2026-06-13T21:42:26+07:00] pg         <good>   polled → pg_events.csv
[2026-06-13T21:42:27+07:00] mongo      <good>   polled → mongo_events.csv
[2026-06-13T21:42:27+07:00] unstr      <good>   polled → unstructured_events.csv
[2026-06-13T21:42:37+07:00] pg         <good>   polled → pg_events.csv
[2026-06-13T21:42:38+07:00] mongo      <good>   polled → mongo_events.csv
[2026-06-13T21:42:38+07:00] unstr      <good>   polled → unstructured_events.csv
[2026-06-13T21:42:49+07:00] pg         <good>   polled → pg_events.csv
[2026-06-13T21:42:49+07:00] mongo      <good>   polled → mongo_events.csv
[2026-06-13T21:42:49+07:00] unstr      <good>   polled → unstructured_events.csv
[2026-06-13T21:43:00+07:00] pg         <good>   polled → pg_events.csv
[2026-06-13T21:43:00+07:00] mongo      <good>   polled → mongo_events.csv
[2026-06-13T21:43:00+07:00] unstr      <good>   polled → unstructured_events.csv
[2026-06-13T21:43:11+07:00] pg         <good>   polled → pg_events.csv
[2026-06-13T21:43:11+07:00] mongo      <good>   polled → mongo_events.csv
[2026-06-13T21:43:11+07:00] unstr      <good>   polled → unstructured_events.csv
[2026-06-13T21:43:21+07:00] pg         <good>   polled → pg_events.csv
[2026-06-13T21:43:23+07:00] mongo      <good>   polled → mongo_events.csv
[2026-06-13T21:43:23+07:00] unstr      <good>   polled → unstructured_events.csv
[2026-06-13T21:43:33+07:00] pg         <good>   polled → pg_events.csv
[2026-06-13T21:43:34+07:00] mongo      <good>   polled → mongo_events.csv
[2026-06-13T21:43:34+07:00] unstr      <good>   polled → unstructured_events.csv
[2026-06-13T21:43:44+07:00] pg         <good>   polled → pg_events.csv
[2026-06-13T21:43:45+07:00] mongo      <good>   polled → mongo_events.csv
[2026-06-13T21:43:45+07:00] unstr      <good>   polled → unstructured_events.csv
[2026-06-13T21:43:55+07:00] pg         <good>   polled → pg_events.csv
[2026-06-13T21:43:56+07:00] mongo      <good>   polled → mongo_events.csv
[2026-06-13T21:43:56+07:00] unstr      <good>   polled → unstructured_events.csv
[2026-06-13T21:44:06+07:00] pg         <good>   polled → pg_events.csv
[2026-06-13T21:44:07+07:00] mongo      <good>   polled → mongo_events.csv
[2026-06-13T21:44:07+07:00] unstr      <good>   polled → unstructured_events.csv
[2026-06-13T21:44:17+07:00] pg         <good>   polled → pg_events.csv
[2026-06-13T21:44:18+07:00] mongo      <good>   polled → mongo_events.csv
[2026-06-13T21:44:18+07:00] unstr      <good>   polled → unstructured_events.csv
[2026-06-13T21:44:28+07:00] pg         <good>   polled → pg_events.csv
[2026-06-13T21:44:29+07:00] mongo      <good>   polled → mongo_events.csv
[2026-06-13T21:44:29+07:00] unstr      <good>   polled → unstructured_events.csv
[2026-06-13T21:44:39+07:00] pg         <good>   polled → pg_events.csv
[2026-06-13T21:44:40+07:00] mongo      <good>   polled → mongo_events.csv
[2026-06-13T21:44:40+07:00] unstr      <good>   polled → unstructured_events.csv
[2026-06-13T21:44:50+07:00] pg         <good>   polled → pg_events.csv
[2026-06-13T21:44:51+07:00] mongo      <good>   polled → mongo_events.csv
[2026-06-13T21:44:51+07:00] unstr      <good>   polled → unstructured_events.csv
[2026-06-13T21:45:01+07:00] pg         <good>   polled → pg_events.csv
[2026-06-13T21:45:02+07:00] mongo      <good>   polled → mongo_events.csv
[2026-06-13T21:45:02+07:00] unstr      <good>   polled → unstructured_events.csv
[2026-06-13T21:45:13+07:00] pg         <good>   polled → pg_events.csv
[2026-06-13T21:45:13+07:00] mongo      <good>   polled → mongo_events.csv
[2026-06-13T21:45:13+07:00] unstr      <good>   polled → unstructured_events.csv
[2026-06-13T21:45:24+07:00] pg         <good>   polled → pg_events.csv
[2026-06-13T21:45:24+07:00] mongo      <good>   polled → mongo_events.csv
[2026-06-13T21:45:24+07:00] unstr      <good>   polled → unstructured_events.csv
[2026-06-13T21:45:35+07:00] pg         <good>   polled → pg_events.csv
[2026-06-13T21:45:36+07:00] mongo      <good>   polled → mongo_events.csv
[2026-06-13T21:45:36+07:00] unstr      <good>   polled → unstructured_events.csv
[2026-06-13T21:45:46+07:00] pg         <good>   polled → pg_events.csv
[2026-06-13T21:45:47+07:00] mongo      <good>   polled → mongo_events.csv
[2026-06-13T21:45:47+07:00] unstr      <good>   polled → unstructured_events.csv
[2026-06-13T21:45:57+07:00] pg         <good>   polled → pg_events.csv
[2026-06-13T21:45:58+07:00] mongo      <good>   polled → mongo_events.csv
[2026-06-13T21:45:58+07:00] unstr      <good>   polled → unstructured_events.csv
[2026-06-13T21:46:08+07:00] pg         <good>   polled → pg_events.csv
[2026-06-13T21:46:09+07:00] mongo      <good>   polled → mongo_events.csv
[2026-06-13T21:46:09+07:00] unstr      <good>   polled → unstructured_events.csv
[2026-06-13T21:46:09+0700] main       <info>   ──────────────────────────────────────────────────────
[2026-06-13T21:46:09+0700] main       <info>   Cycle #7 starting
[2026-06-13T21:46:09+07:00] main       <info>   starting cycle=20260613_214609 at=2026-06-13T21:46:09.915643+07:00
[2026-06-13T21:46:09+07:00] main       <info>   output_root=/home/primary/data/backup-cycles
[2026-06-13T21:46:09+07:00] main       <info>   staging_root=/home/primary/data/backup-staging
[2026-06-13T21:46:09+07:00] main       <info>   state_db=/home/primary/data/backup-metadata/pfc_index.db
[2026-06-13T21:46:09+07:00] main       <info>   retention max_cycles=30 max_bytes=50.00 GiB cycle_cap=10.00 GiB
[2026-06-13T21:46:09+07:00] main       <info>   chain_version=chain-v1 versioned_cycles_root=/home/primary/data/backup-cycles/chain-v1
[2026-06-13T21:46:09+07:00] main       <info>   last_cycle_ts=1781361668 (2026-06-13T21:41:08+07:00)
[2026-06-13T21:46:09+07:00] pg         <info>   no new WAL files
[2026-06-13T21:46:11+07:00] mongo      <good>   oplog compressed raw=522.64 KiB stored=28.69 KiB ratio=0.055 elapsed=0.01s
[2026-06-13T21:46:11+07:00] fixtures   <good>   seeded target=/home/primary/data/unstructured/fixtures copied=0 skipped=25 bytes=0 elapsed=0.00s
[2026-06-13T21:46:12+07:00] main       <info>   staging_size=7.96 MiB checked_in=0.00s
[2026-06-13T21:46:12+07:00] main       <good>   wrote checksums=/home/primary/data/backup-staging/cycle_20260613_214609.tmp/checksums.sha256
[2026-06-13T21:46:12+07:00] main       <good>   finalized dir elapsed=0.00s
[2026-06-13T21:46:12+07:00] verify     <good>   ok elapsed=0.05s
[2026-06-13T21:46:12+07:00] main       <info>   retention elapsed=0.00s
[2026-06-13T21:46:12+07:00] transfer   <info>   pushing to 1 destination(s) as 'chain-v1/20260613_214609': ['recovery@192.168.10.129:/home/recovery/local-backup/incoming']
[2026-06-13T21:46:14+07:00] transfer   <good>   all 1 destination(s) OK elapsed=1.86s
[2026-06-13T21:46:14+07:00] main       <info>   Deleting local cycle since it was transferred: /home/primary/data/backup-cycles/chain-v1/20260613_214609
[2026-06-13T21:46:14+07:00] main       <info>   cycle_summary: wal_files=0 (0 B), pfc_chunks=51 (stored=7.94 MiB, raw=40.47 MiB), cycle_stored=0 B chain=chain-v1
[2026-06-13T21:46:14+07:00] main       <good>   completed cycle=20260613_214609 chain=chain-v1 elapsed=4.69s
[2026-06-13T21:46:14+0700] main       <good>   Cycle #7 completed OK
[2026-06-13T21:46:14+0700] main       <info>   Sleeping 5m until next cycle …
[2026-06-13T21:46:19+07:00] pg         <good>   polled → pg_events.csv
[2026-06-13T21:46:20+07:00] mongo      <good>   polled → mongo_events.csv
[2026-06-13T21:46:20+07:00] unstr      <good>   polled → unstructured_events.csv
[2026-06-13T21:46:30+07:00] pg         <good>   polled → pg_events.csv
[2026-06-13T21:46:32+07:00] mongo      <good>   polled → mongo_events.csv
[2026-06-13T21:46:32+07:00] unstr      <good>   polled → unstructured_events.csv
[2026-06-13T21:46:42+07:00] pg         <good>   polled → pg_events.csv
[2026-06-13T21:46:42+07:00] mongo      <good>   polled → mongo_events.csv
[2026-06-13T21:46:42+07:00] unstr      <good>   polled → unstructured_events.csv
[2026-06-13T21:46:53+07:00] pg         <good>   polled → pg_events.csv
[2026-06-13T21:46:53+07:00] mongo      <good>   polled → mongo_events.csv
[2026-06-13T21:46:53+07:00] unstr      <good>   polled → unstructured_events.csv
[2026-06-13T21:47:04+07:00] pg         <good>   polled → pg_events.csv
[2026-06-13T21:47:04+07:00] mongo      <good>   polled → mongo_events.csv
[2026-06-13T21:47:04+07:00] unstr      <good>   polled → unstructured_events.csv
[2026-06-13T21:47:14+07:00] pg         <good>   polled → pg_events.csv
[2026-06-13T21:47:15+07:00] mongo      <good>   polled → mongo_events.csv
[2026-06-13T21:47:15+07:00] unstr      <good>   polled → unstructured_events.csv
[2026-06-13T21:47:25+07:00] pg         <good>   polled → pg_events.csv
[2026-06-13T21:47:27+07:00] mongo      <good>   polled → mongo_events.csv
[2026-06-13T21:47:27+07:00] unstr      <good>   polled → unstructured_events.csv
[2026-06-13T21:47:37+07:00] pg         <good>   polled → pg_events.csv
[2026-06-13T21:47:38+07:00] mongo      <good>   polled → mongo_events.csv
[2026-06-13T21:47:38+07:00] unstr      <good>   polled → unstructured_events.csv
[2026-06-13T21:47:48+07:00] pg         <good>   polled → pg_events.csv
[2026-06-13T21:47:49+07:00] mongo      <good>   polled → mongo_events.csv
[2026-06-13T21:47:49+07:00] unstr      <good>   polled → unstructured_events.csv
[2026-06-13T21:47:59+07:00] pg         <good>   polled → pg_events.csv
[2026-06-13T21:48:00+07:00] mongo      <good>   polled → mongo_events.csv
[2026-06-13T21:48:00+07:00] unstr      <good>   polled → unstructured_events.csv
[2026-06-13T21:48:10+07:00] pg         <good>   polled → pg_events.csv
[2026-06-13T21:48:11+07:00] mongo      <good>   polled → mongo_events.csv
[2026-06-13T21:48:11+07:00] unstr      <good>   polled → unstructured_events.csv
[2026-06-13T21:48:21+07:00] pg         <good>   polled → pg_events.csv
[2026-06-13T21:48:22+07:00] mongo      <good>   polled → mongo_events.csv
[2026-06-13T21:48:22+07:00] unstr      <good>   polled → unstructured_events.csv
[2026-06-13T21:48:32+07:00] pg         <good>   polled → pg_events.csv
[2026-06-13T21:48:33+07:00] mongo      <good>   polled → mongo_events.csv
[2026-06-13T21:48:33+07:00] unstr      <good>   polled → unstructured_events.csv
[2026-06-13T21:48:43+07:00] pg         <good>   polled → pg_events.csv
[2026-06-13T21:48:44+07:00] mongo      <good>   polled → mongo_events.csv
[2026-06-13T21:48:44+07:00] unstr      <good>   polled → unstructured_events.csv
[2026-06-13T21:48:54+07:00] pg         <good>   polled → pg_events.csv
[2026-06-13T21:48:55+07:00] mongo      <good>   polled → mongo_events.csv
[2026-06-13T21:48:55+07:00] unstr      <good>   polled → unstructured_events.csv
[2026-06-13T21:49:05+07:00] pg         <good>   polled → pg_events.csv
[2026-06-13T21:49:06+07:00] mongo      <good>   polled → mongo_events.csv
[2026-06-13T21:49:06+07:00] unstr      <good>   polled → unstructured_events.csv
[2026-06-13T21:49:16+07:00] pg         <good>   polled → pg_events.csv
[2026-06-13T21:49:17+07:00] mongo      <good>   polled → mongo_events.csv
[2026-06-13T21:49:17+07:00] unstr      <good>   polled → unstructured_events.csv
[2026-06-13T21:49:27+07:00] pg         <good>   polled → pg_events.csv
[2026-06-13T21:49:28+07:00] mongo      <good>   polled → mongo_events.csv
[2026-06-13T21:49:28+07:00] unstr      <good>   polled → unstructured_events.csv
[2026-06-13T21:49:38+07:00] pg         <good>   polled → pg_events.csv
[2026-06-13T21:49:39+07:00] mongo      <good>   polled → mongo_events.csv
[2026-06-13T21:49:39+07:00] unstr      <good>   polled → unstructured_events.csv
[2026-06-13T21:49:49+07:00] pg         <good>   polled → pg_events.csv
[2026-06-13T21:49:50+07:00] mongo      <good>   polled → mongo_events.csv
[2026-06-13T21:49:50+07:00] unstr      <good>   polled → unstructured_events.csv
[2026-06-13T21:50:00+07:00] pg         <good>   polled → pg_events.csv
[2026-06-13T21:50:01+07:00] mongo      <good>   polled → mongo_events.csv
[2026-06-13T21:50:01+07:00] unstr      <good>   polled → unstructured_events.csv
[2026-06-13T21:50:11+07:00] pg         <good>   polled → pg_events.csv
[2026-06-13T21:50:12+07:00] mongo      <good>   polled → mongo_events.csv
[2026-06-13T21:50:12+07:00] unstr      <good>   polled → unstructured_events.csv
[2026-06-13T21:50:22+07:00] pg         <good>   polled → pg_events.csv
[2026-06-13T21:50:23+07:00] mongo      <good>   polled → mongo_events.csv
[2026-06-13T21:50:23+07:00] unstr      <good>   polled → unstructured_events.csv
[2026-06-13T21:50:33+07:00] pg         <good>   polled → pg_events.csv
[2026-06-13T21:50:34+07:00] mongo      <good>   polled → mongo_events.csv
[2026-06-13T21:50:34+07:00] unstr      <good>   polled → unstructured_events.csv
[2026-06-13T21:50:44+07:00] pg         <good>   polled → pg_events.csv
[2026-06-13T21:50:45+07:00] mongo      <good>   polled → mongo_events.csv
[2026-06-13T21:50:45+07:00] unstr      <good>   polled → unstructured_events.csv
[2026-06-13T21:50:55+07:00] pg         <good>   polled → pg_events.csv
[2026-06-13T21:50:56+07:00] mongo      <good>   polled → mongo_events.csv
[2026-06-13T21:50:56+07:00] unstr      <good>   polled → unstructured_events.csv
[2026-06-13T21:51:06+07:00] pg         <good>   polled → pg_events.csv
[2026-06-13T21:51:07+07:00] mongo      <good>   polled → mongo_events.csv
[2026-06-13T21:51:07+07:00] unstr      <good>   polled → unstructured_events.csv
[2026-06-13T21:51:14+0700] main       <info>   ──────────────────────────────────────────────────────
[2026-06-13T21:51:14+0700] main       <info>   Cycle #8 starting
[2026-06-13T21:51:14+07:00] main       <info>   starting cycle=20260613_215114 at=2026-06-13T21:51:14.730970+07:00
[2026-06-13T21:51:14+07:00] main       <info>   output_root=/home/primary/data/backup-cycles
[2026-06-13T21:51:14+07:00] main       <info>   staging_root=/home/primary/data/backup-staging
[2026-06-13T21:51:14+07:00] main       <info>   state_db=/home/primary/data/backup-metadata/pfc_index.db
[2026-06-13T21:51:14+07:00] main       <info>   retention max_cycles=30 max_bytes=50.00 GiB cycle_cap=10.00 GiB
[2026-06-13T21:51:14+07:00] main       <info>   chain_version=chain-v2 versioned_cycles_root=/home/primary/data/backup-cycles/chain-v2
[2026-06-13T21:51:14+07:00] main       <info>   last_cycle_ts=1781361972 (2026-06-13T21:46:12+07:00)
[2026-06-13T21:51:17+07:00] pg         <good>   polled → pg_events.csv
[2026-06-13T21:51:18+07:00] mongo      <good>   oplog compressed raw=537.07 KiB stored=29.84 KiB ratio=0.056 elapsed=0.01s
[2026-06-13T21:51:18+07:00] fixtures   <good>   seeded target=/home/primary/data/unstructured/fixtures copied=0 skipped=25 bytes=0 elapsed=0.00s
[2026-06-13T21:51:19+07:00] mongo      <good>   polled → mongo_events.csv
[2026-06-13T21:51:19+07:00] unstr      <good>   polled → unstructured_events.csv
[2026-06-13T21:51:19+07:00] main       <info>   staging_size=25.79 MiB checked_in=0.00s
[2026-06-13T21:51:19+07:00] main       <good>   wrote checksums=/home/primary/data/backup-staging/cycle_20260613_215114.tmp/checksums.sha256
[2026-06-13T21:51:19+07:00] main       <good>   finalized dir elapsed=0.00s
[2026-06-13T21:51:19+07:00] verify     <good>   ok elapsed=0.07s
[2026-06-13T21:51:19+07:00] pg         <info>   state pg_last_wal_fname=000000010000000000000006
[2026-06-13T21:51:19+07:00] main       <info>   retention elapsed=0.00s
[2026-06-13T21:51:19+07:00] transfer   <info>   pushing to 1 destination(s) as 'chain-v2/20260613_215114': ['recovery@192.168.10.129:/home/recovery/local-backup/incoming']
[2026-06-13T21:51:21+07:00] transfer   <good>   all 1 destination(s) OK elapsed=1.67s
[2026-06-13T21:51:21+07:00] main       <info>   Deleting local cycle since it was transferred: /home/primary/data/backup-cycles/chain-v2/20260613_215114
[2026-06-13T21:51:21+07:00] main       <info>   cycle_summary: wal_files=2 (16.00 MiB), pfc_chunks=31 (stored=5.71 MiB, raw=18.54 MiB), cycle_stored=0 B chain=chain-v2
[2026-06-13T21:51:21+07:00] main       <good>   completed cycle=20260613_215114 chain=chain-v2 elapsed=6.89s
[2026-06-13T21:51:21+0700] main       <good>   Cycle #8 completed OK
[2026-06-13T21:51:21+0700] main       <info>   Sleeping 5m until next cycle …
[2026-06-13T21:51:29+07:00] pg         <good>   polled → pg_events.csv
[2026-06-13T21:51:30+07:00] mongo      <good>   polled → mongo_events.csv
[2026-06-13T21:51:30+07:00] unstr      <good>   polled → unstructured_events.csv
[2026-06-13T21:51:40+07:00] pg         <good>   polled → pg_events.csv
[2026-06-13T21:51:41+07:00] mongo      <good>   polled → mongo_events.csv
[2026-06-13T21:51:41+07:00] unstr      <good>   polled → unstructured_events.csv
[2026-06-13T21:51:51+07:00] pg         <good>   polled → pg_events.csv
[2026-06-13T21:51:51+07:00] mongo      <good>   polled → mongo_events.csv
[2026-06-13T21:51:51+07:00] unstr      <good>   polled → unstructured_events.csv
[2026-06-13T21:52:02+07:00] pg         <good>   polled → pg_events.csv
[2026-06-13T21:52:02+07:00] mongo      <good>   polled → mongo_events.csv
[2026-06-13T21:52:02+07:00] unstr      <good>   polled → unstructured_events.csv
[2026-06-13T21:52:12+07:00] pg         <good>   polled → pg_events.csv
[2026-06-13T21:52:13+07:00] mongo      <good>   polled → mongo_events.csv
[2026-06-13T21:52:13+07:00] unstr      <good>   polled → unstructured_events.csv
[2026-06-13T21:52:23+07:00] pg         <good>   polled → pg_events.csv
[2026-06-13T21:52:24+07:00] mongo      <good>   polled → mongo_events.csv
[2026-06-13T21:52:24+07:00] unstr      <good>   polled → unstructured_events.csv
[2026-06-13T21:52:34+07:00] pg         <good>   polled → pg_events.csv
[2026-06-13T21:52:35+07:00] mongo      <good>   polled → mongo_events.csv
[2026-06-13T21:52:35+07:00] unstr      <good>   polled → unstructured_events.csv
[2026-06-13T21:52:45+07:00] pg         <good>   polled → pg_events.csv
[2026-06-13T21:52:46+07:00] mongo      <good>   polled → mongo_events.csv
[2026-06-13T21:52:46+07:00] unstr      <good>   polled → unstructured_events.csv
[2026-06-13T21:52:56+07:00] pg         <good>   polled → pg_events.csv
[2026-06-13T21:52:57+07:00] mongo      <good>   polled → mongo_events.csv
[2026-06-13T21:52:57+07:00] unstr      <good>   polled → unstructured_events.csv
[2026-06-13T21:53:07+07:00] pg         <good>   polled → pg_events.csv
[2026-06-13T21:53:09+07:00] mongo      <good>   polled → mongo_events.csv
[2026-06-13T21:53:09+07:00] unstr      <good>   polled → unstructured_events.csv
[2026-06-13T21:53:19+07:00] pg         <good>   polled → pg_events.csv
[2026-06-13T21:53:20+07:00] mongo      <good>   polled → mongo_events.csv
[2026-06-13T21:53:20+07:00] unstr      <good>   polled → unstructured_events.csv
[2026-06-13T21:53:30+07:00] pg         <good>   polled → pg_events.csv
[2026-06-13T21:53:31+07:00] mongo      <good>   polled → mongo_events.csv
[2026-06-13T21:53:31+07:00] unstr      <good>   polled → unstructured_events.csv
[2026-06-13T21:53:41+07:00] pg         <good>   polled → pg_events.csv
[2026-06-13T21:53:42+07:00] mongo      <good>   polled → mongo_events.csv
[2026-06-13T21:53:42+07:00] unstr      <good>   polled → unstructured_events.csv
[2026-06-13T21:53:52+07:00] pg         <good>   polled → pg_events.csv
[2026-06-13T21:53:53+07:00] mongo      <good>   polled → mongo_events.csv
[2026-06-13T21:53:53+07:00] unstr      <good>   polled → unstructured_events.csv
[2026-06-13T21:54:03+07:00] pg         <good>   polled → pg_events.csv
[2026-06-13T21:54:04+07:00] mongo      <good>   polled → mongo_events.csv
[2026-06-13T21:54:04+07:00] unstr      <good>   polled → unstructured_events.csv
[2026-06-13T21:54:14+07:00] pg         <good>   polled → pg_events.csv
[2026-06-13T21:54:15+07:00] mongo      <good>   polled → mongo_events.csv
[2026-06-13T21:54:15+07:00] unstr      <good>   polled → unstructured_events.csv
[2026-06-13T21:54:25+07:00] pg         <good>   polled → pg_events.csv
[2026-06-13T21:54:26+07:00] mongo      <good>   polled → mongo_events.csv
[2026-06-13T21:54:26+07:00] unstr      <good>   polled → unstructured_events.csv
[2026-06-13T21:54:36+07:00] pg         <good>   polled → pg_events.csv
[2026-06-13T21:54:37+07:00] mongo      <good>   polled → mongo_events.csv
[2026-06-13T21:54:37+07:00] unstr      <good>   polled → unstructured_events.csv
[2026-06-13T21:54:47+07:00] pg         <good>   polled → pg_events.csv
[2026-06-13T21:54:48+07:00] mongo      <good>   polled → mongo_events.csv
[2026-06-13T21:54:48+07:00] unstr      <good>   polled → unstructured_events.csv
[2026-06-13T21:54:58+07:00] pg         <good>   polled → pg_events.csv
[2026-06-13T21:54:59+07:00] mongo      <good>   polled → mongo_events.csv
[2026-06-13T21:54:59+07:00] unstr      <good>   polled → unstructured_events.csv
[2026-06-13T21:55:09+07:00] pg         <good>   polled → pg_events.csv
[2026-06-13T21:55:10+07:00] mongo      <good>   polled → mongo_events.csv
[2026-06-13T21:55:10+07:00] unstr      <good>   polled → unstructured_events.csv
[2026-06-13T21:55:20+07:00] pg         <good>   polled → pg_events.csv
[2026-06-13T21:55:21+07:00] mongo      <good>   polled → mongo_events.csv
[2026-06-13T21:55:21+07:00] unstr      <good>   polled → unstructured_events.csv
[2026-06-13T21:55:31+07:00] pg         <good>   polled → pg_events.csv
[2026-06-13T21:55:32+07:00] mongo      <good>   polled → mongo_events.csv
[2026-06-13T21:55:32+07:00] unstr      <good>   polled → unstructured_events.csv
[2026-06-13T21:55:42+07:00] pg         <good>   polled → pg_events.csv
[2026-06-13T21:55:43+07:00] mongo      <good>   polled → mongo_events.csv
[2026-06-13T21:55:43+07:00] unstr      <good>   polled → unstructured_events.csv
[2026-06-13T21:55:53+07:00] pg         <good>   polled → pg_events.csv
[2026-06-13T21:55:54+07:00] mongo      <good>   polled → mongo_events.csv
[2026-06-13T21:55:54+07:00] unstr      <good>   polled → unstructured_events.csv
[2026-06-13T21:56:04+07:00] pg         <good>   polled → pg_events.csv
[2026-06-13T21:56:05+07:00] mongo      <good>   polled → mongo_events.csv
[2026-06-13T21:56:05+07:00] unstr      <good>   polled → unstructured_events.csv
[2026-06-13T21:56:15+07:00] pg         <good>   polled → pg_events.csv
[2026-06-13T21:56:16+07:00] mongo      <good>   polled → mongo_events.csv
[2026-06-13T21:56:16+07:00] unstr      <good>   polled → unstructured_events.csv
[2026-06-13T21:56:21+0700] main       <info>   ──────────────────────────────────────────────────────
[2026-06-13T21:56:21+0700] main       <info>   Cycle #9 starting
[2026-06-13T21:56:21+07:00] main       <info>   starting cycle=20260613_215621 at=2026-06-13T21:56:21.775802+07:00
[2026-06-13T21:56:21+07:00] main       <info>   output_root=/home/primary/data/backup-cycles
[2026-06-13T21:56:21+07:00] main       <info>   staging_root=/home/primary/data/backup-staging
[2026-06-13T21:56:21+07:00] main       <info>   state_db=/home/primary/data/backup-metadata/pfc_index.db
[2026-06-13T21:56:21+07:00] main       <info>   retention max_cycles=30 max_bytes=50.00 GiB cycle_cap=10.00 GiB
[2026-06-13T21:56:21+07:00] main       <info>   chain_version=chain-v2 versioned_cycles_root=/home/primary/data/backup-cycles/chain-v2
[2026-06-13T21:56:21+07:00] main       <info>   last_cycle_ts=1781362279 (2026-06-13T21:51:19+07:00)
[2026-06-13T21:56:23+07:00] mongo      <good>   oplog compressed raw=515.12 KiB stored=28.68 KiB ratio=0.056 elapsed=0.01s
[2026-06-13T21:56:23+07:00] fixtures   <good>   seeded target=/home/primary/data/unstructured/fixtures copied=0 skipped=25 bytes=0 elapsed=0.00s
[2026-06-13T21:56:24+07:00] main       <info>   staging_size=19.40 MiB checked_in=0.00s
[2026-06-13T21:56:24+07:00] main       <good>   wrote checksums=/home/primary/data/backup-staging/cycle_20260613_215621.tmp/checksums.sha256
[2026-06-13T21:56:24+07:00] main       <good>   finalized dir elapsed=0.00s
[2026-06-13T21:56:24+07:00] verify     <good>   ok elapsed=0.05s
[2026-06-13T21:56:24+07:00] pg         <info>   state pg_last_wal_fname=000000010000000000000007
[2026-06-13T21:56:24+07:00] main       <info>   retention elapsed=0.00s
[2026-06-13T21:56:24+07:00] transfer   <info>   pushing to 1 destination(s) as 'chain-v2/20260613_215621': ['recovery@192.168.10.129:/home/recovery/local-backup/incoming']
[2026-06-13T21:56:26+07:00] pg         <good>   polled → pg_events.csv
[2026-06-13T21:56:26+07:00] transfer   <good>   all 1 destination(s) OK elapsed=1.66s
[2026-06-13T21:56:26+07:00] main       <info>   Deleting local cycle since it was transferred: /home/primary/data/backup-cycles/chain-v2/20260613_215621
[2026-06-13T21:56:26+07:00] main       <info>   cycle_summary: wal_files=1 (16.00 MiB), pfc_chunks=67 (stored=3.37 MiB, raw=59.61 MiB), cycle_stored=0 B chain=chain-v2
[2026-06-13T21:56:26+07:00] main       <good>   completed cycle=20260613_215621 chain=chain-v2 elapsed=4.93s
[2026-06-13T21:56:26+0700] main       <good>   Cycle #9 completed OK
[2026-06-13T21:56:26+0700] main       <info>   Sleeping 5m until next cycle …
[2026-06-13T21:56:27+07:00] mongo      <good>   polled → mongo_events.csv
[2026-06-13T21:56:27+07:00] unstr      <good>   polled → unstructured_events.csv
[2026-06-13T21:56:37+07:00] pg         <good>   polled → pg_events.csv
[2026-06-13T21:56:38+07:00] mongo      <good>   polled → mongo_events.csv
[2026-06-13T21:56:38+07:00] unstr      <good>   polled → unstructured_events.csv
[2026-06-13T21:56:48+07:00] pg         <good>   polled → pg_events.csv
[2026-06-13T21:56:49+07:00] mongo      <good>   polled → mongo_events.csv
[2026-06-13T21:56:49+07:00] unstr      <good>   polled → unstructured_events.csv
[2026-06-13T21:57:00+07:00] pg         <good>   polled → pg_events.csv
[2026-06-13T21:57:01+07:00] mongo      <good>   polled → mongo_events.csv
[2026-06-13T21:57:01+07:00] unstr      <good>   polled → unstructured_events.csv
[2026-06-13T21:57:11+07:00] pg         <good>   polled → pg_events.csv
[2026-06-13T21:57:12+07:00] mongo      <good>   polled → mongo_events.csv
[2026-06-13T21:57:12+07:00] unstr      <good>   polled → unstructured_events.csv
[2026-06-13T21:57:22+07:00] pg         <good>   polled → pg_events.csv
[2026-06-13T21:57:23+07:00] mongo      <good>   polled → mongo_events.csv
[2026-06-13T21:57:23+07:00] unstr      <good>   polled → unstructured_events.csv
[2026-06-13T21:57:33+07:00] pg         <good>   polled → pg_events.csv
[2026-06-13T21:57:34+07:00] mongo      <good>   polled → mongo_events.csv
[2026-06-13T21:57:34+07:00] unstr      <good>   polled → unstructured_events.csv
[2026-06-13T21:57:44+07:00] pg         <good>   polled → pg_events.csv
[2026-06-13T21:57:45+07:00] mongo      <good>   polled → mongo_events.csv
[2026-06-13T21:57:45+07:00] unstr      <good>   polled → unstructured_events.csv
[2026-06-13T21:57:55+07:00] pg         <good>   polled → pg_events.csv
[2026-06-13T21:57:56+07:00] mongo      <good>   polled → mongo_events.csv
[2026-06-13T21:57:56+07:00] unstr      <good>   polled → unstructured_events.csv
[2026-06-13T21:58:06+07:00] pg         <good>   polled → pg_events.csv
[2026-06-13T21:58:07+07:00] mongo      <good>   polled → mongo_events.csv
[2026-06-13T21:58:07+07:00] unstr      <good>   polled → unstructured_events.csv
[2026-06-13T21:58:17+07:00] pg         <good>   polled → pg_events.csv
[2026-06-13T21:58:18+07:00] mongo      <good>   polled → mongo_events.csv
[2026-06-13T21:58:18+07:00] unstr      <good>   polled → unstructured_events.csv
[2026-06-13T21:58:28+07:00] pg         <good>   polled → pg_events.csv
[2026-06-13T21:58:29+07:00] mongo      <good>   polled → mongo_events.csv
[2026-06-13T21:58:29+07:00] unstr      <good>   polled → unstructured_events.csv
[2026-06-13T21:58:39+07:00] pg         <good>   polled → pg_events.csv
[2026-06-13T21:58:40+07:00] mongo      <good>   polled → mongo_events.csv
[2026-06-13T21:58:40+07:00] unstr      <good>   polled → unstructured_events.csv
[2026-06-13T21:58:50+07:00] pg         <good>   polled → pg_events.csv
[2026-06-13T21:58:51+07:00] mongo      <good>   polled → mongo_events.csv
[2026-06-13T21:58:51+07:00] unstr      <good>   polled → unstructured_events.csv
[2026-06-13T21:59:01+07:00] pg         <good>   polled → pg_events.csv
[2026-06-13T21:59:02+07:00] mongo      <good>   polled → mongo_events.csv
[2026-06-13T21:59:02+07:00] unstr      <good>   polled → unstructured_events.csv
[2026-06-13T21:59:12+07:00] pg         <good>   polled → pg_events.csv
[2026-06-13T21:59:13+07:00] mongo      <good>   polled → mongo_events.csv
[2026-06-13T21:59:13+07:00] unstr      <good>   polled → unstructured_events.csv
[2026-06-13T21:59:23+07:00] pg         <good>   polled → pg_events.csv
[2026-06-13T21:59:24+07:00] mongo      <good>   polled → mongo_events.csv
[2026-06-13T21:59:24+07:00] unstr      <good>   polled → unstructured_events.csv
[2026-06-13T21:59:34+07:00] pg         <good>   polled → pg_events.csv
[2026-06-13T21:59:35+07:00] mongo      <good>   polled → mongo_events.csv
[2026-06-13T21:59:35+07:00] unstr      <good>   polled → unstructured_events.csv
[2026-06-13T21:59:45+07:00] pg         <good>   polled → pg_events.csv
[2026-06-13T21:59:46+07:00] mongo      <good>   polled → mongo_events.csv
[2026-06-13T21:59:46+07:00] unstr      <good>   polled → unstructured_events.csv
[2026-06-13T21:59:56+07:00] pg         <good>   polled → pg_events.csv
[2026-06-13T21:59:57+07:00] mongo      <good>   polled → mongo_events.csv
[2026-06-13T21:59:57+07:00] unstr      <good>   polled → unstructured_events.csv
[2026-06-13T22:00:07+07:00] pg         <good>   polled → pg_events.csv
[2026-06-13T22:00:08+07:00] mongo      <good>   polled → mongo_events.csv
[2026-06-13T22:00:08+07:00] unstr      <good>   polled → unstructured_events.csv
[2026-06-13T22:00:18+07:00] pg         <good>   polled → pg_events.csv
[2026-06-13T22:00:19+07:00] mongo      <good>   polled → mongo_events.csv
[2026-06-13T22:00:19+07:00] unstr      <good>   polled → unstructured_events.csv
[2026-06-13T22:00:29+07:00] pg         <good>   polled → pg_events.csv
[2026-06-13T22:00:30+07:00] mongo      <good>   polled → mongo_events.csv
[2026-06-13T22:00:30+07:00] unstr      <good>   polled → unstructured_events.csv
[2026-06-13T22:00:40+07:00] pg         <good>   polled → pg_events.csv
[2026-06-13T22:00:41+07:00] mongo      <good>   polled → mongo_events.csv
[2026-06-13T22:00:41+07:00] unstr      <good>   polled → unstructured_events.csv
[2026-06-13T22:00:51+07:00] pg         <good>   polled → pg_events.csv
[2026-06-13T22:00:52+07:00] mongo      <good>   polled → mongo_events.csv
[2026-06-13T22:00:52+07:00] unstr      <good>   polled → unstructured_events.csv
[2026-06-13T22:01:02+07:00] pg         <good>   polled → pg_events.csv
[2026-06-13T22:01:03+07:00] mongo      <good>   polled → mongo_events.csv
[2026-06-13T22:01:03+07:00] unstr      <good>   polled → unstructured_events.csv
[2026-06-13T22:01:13+07:00] pg         <good>   polled → pg_events.csv
[2026-06-13T22:01:14+07:00] mongo      <good>   polled → mongo_events.csv
[2026-06-13T22:01:14+07:00] unstr      <good>   polled → unstructured_events.csv
[2026-06-13T22:01:24+07:00] pg         <good>   polled → pg_events.csv
[2026-06-13T22:01:25+07:00] mongo      <good>   polled → mongo_events.csv
[2026-06-13T22:01:25+07:00] unstr      <good>   polled → unstructured_events.csv
[2026-06-13T22:01:26+0700] main       <info>   ──────────────────────────────────────────────────────
[2026-06-13T22:01:26+0700] main       <info>   Cycle #10 starting
[2026-06-13T22:01:26+07:00] main       <info>   starting cycle=20260613_220126 at=2026-06-13T22:01:26.922800+07:00
[2026-06-13T22:01:26+07:00] main       <info>   output_root=/home/primary/data/backup-cycles
[2026-06-13T22:01:26+07:00] main       <info>   staging_root=/home/primary/data/backup-staging
[2026-06-13T22:01:26+07:00] main       <info>   state_db=/home/primary/data/backup-metadata/pfc_index.db
[2026-06-13T22:01:26+07:00] main       <info>   retention max_cycles=30 max_bytes=50.00 GiB cycle_cap=10.00 GiB
[2026-06-13T22:01:26+07:00] main       <info>   chain_version=chain-v2 versioned_cycles_root=/home/primary/data/backup-cycles/chain-v2
[2026-06-13T22:01:26+07:00] main       <info>   last_cycle_ts=1781362584 (2026-06-13T21:56:24+07:00)
[2026-06-13T22:01:26+07:00] pg         <info>   no new WAL files
[2026-06-13T22:01:28+07:00] mongo      <good>   oplog compressed raw=481.00 KiB stored=27.48 KiB ratio=0.057 elapsed=0.01s
[2026-06-13T22:01:28+07:00] fixtures   <good>   seeded target=/home/primary/data/unstructured/fixtures copied=0 skipped=25 bytes=0 elapsed=0.00s
[2026-06-13T22:01:29+07:00] main       <info>   staging_size=5.32 MiB checked_in=0.00s
[2026-06-13T22:01:29+07:00] main       <good>   wrote checksums=/home/primary/data/backup-staging/cycle_20260613_220126.tmp/checksums.sha256
[2026-06-13T22:01:29+07:00] main       <good>   finalized dir elapsed=0.00s
[2026-06-13T22:01:29+07:00] verify     <good>   ok elapsed=0.02s
[2026-06-13T22:01:29+07:00] main       <info>   retention elapsed=0.00s
[2026-06-13T22:01:29+07:00] transfer   <info>   pushing to 1 destination(s) as 'chain-v2/20260613_220126': ['recovery@192.168.10.129:/home/recovery/local-backup/incoming']
[2026-06-13T22:01:30+07:00] transfer   <good>   all 1 destination(s) OK elapsed=1.51s
[2026-06-13T22:01:30+07:00] main       <info>   Deleting local cycle since it was transferred: /home/primary/data/backup-cycles/chain-v2/20260613_220126
[2026-06-13T22:01:30+07:00] main       <info>   cycle_summary: wal_files=0 (0 B), pfc_chunks=25 (stored=5.29 MiB, raw=15.44 MiB), cycle_stored=0 B chain=chain-v2
[2026-06-13T22:01:30+07:00] main       <good>   completed cycle=20260613_220126 chain=chain-v2 elapsed=3.94s
[2026-06-13T22:01:30+0700] main       <good>   Cycle #10 completed OK
[2026-06-13T22:01:30+0700] main       <info>   Sleeping 5m until next cycle …
[2026-06-13T22:01:35+07:00] pg         <good>   polled → pg_events.csv
[2026-06-13T22:01:36+07:00] mongo      <good>   polled → mongo_events.csv
[2026-06-13T22:01:36+07:00] unstr      <good>   polled → unstructured_events.csv
[2026-06-13T22:01:46+07:00] pg         <good>   polled → pg_events.csv
[2026-06-13T22:01:47+07:00] mongo      <good>   polled → mongo_events.csv
[2026-06-13T22:01:47+07:00] unstr      <good>   polled → unstructured_events.csv
[2026-06-13T22:01:57+07:00] pg         <good>   polled → pg_events.csv
[2026-06-13T22:01:58+07:00] mongo      <good>   polled → mongo_events.csv
[2026-06-13T22:01:58+07:00] unstr      <good>   polled → unstructured_events.csv
[2026-06-13T22:02:08+07:00] pg         <good>   polled → pg_events.csv
[2026-06-13T22:02:09+07:00] mongo      <good>   polled → mongo_events.csv
[2026-06-13T22:02:09+07:00] unstr      <good>   polled → unstructured_events.csv
[2026-06-13T22:02:19+07:00] pg         <good>   polled → pg_events.csv
[2026-06-13T22:02:20+07:00] mongo      <good>   polled → mongo_events.csv
[2026-06-13T22:02:20+07:00] unstr      <good>   polled → unstructured_events.csv
[2026-06-13T22:02:30+07:00] pg         <good>   polled → pg_events.csv
[2026-06-13T22:02:31+07:00] mongo      <good>   polled → mongo_events.csv
[2026-06-13T22:02:31+07:00] unstr      <good>   polled → unstructured_events.csv
[2026-06-13T22:02:41+07:00] pg         <good>   polled → pg_events.csv
[2026-06-13T22:02:42+07:00] mongo      <good>   polled → mongo_events.csv
[2026-06-13T22:02:42+07:00] unstr      <good>   polled → unstructured_events.csv
[2026-06-13T22:02:52+07:00] pg         <good>   polled → pg_events.csv
[2026-06-13T22:02:53+07:00] mongo      <good>   polled → mongo_events.csv
[2026-06-13T22:02:53+07:00] unstr      <good>   polled → unstructured_events.csv
[2026-06-13T22:03:03+07:00] pg         <good>   polled → pg_events.csv
[2026-06-13T22:03:04+07:00] mongo      <good>   polled → mongo_events.csv
[2026-06-13T22:03:04+07:00] unstr      <good>   polled → unstructured_events.csv
[2026-06-13T22:03:14+07:00] pg         <good>   polled → pg_events.csv
[2026-06-13T22:03:15+07:00] mongo      <good>   polled → mongo_events.csv
[2026-06-13T22:03:15+07:00] unstr      <good>   polled → unstructured_events.csv
[2026-06-13T22:03:25+07:00] pg         <good>   polled → pg_events.csv
[2026-06-13T22:03:26+07:00] mongo      <good>   polled → mongo_events.csv
[2026-06-13T22:03:26+07:00] unstr      <good>   polled → unstructured_events.csv
[2026-06-13T22:03:36+07:00] pg         <good>   polled → pg_events.csv
[2026-06-13T22:03:37+07:00] mongo      <good>   polled → mongo_events.csv
[2026-06-13T22:03:37+07:00] unstr      <good>   polled → unstructured_events.csv
[2026-06-13T22:03:47+07:00] pg         <good>   polled → pg_events.csv
[2026-06-13T22:03:48+07:00] mongo      <good>   polled → mongo_events.csv
[2026-06-13T22:03:48+07:00] unstr      <good>   polled → unstructured_events.csv
[2026-06-13T22:03:58+07:00] pg         <good>   polled → pg_events.csv
[2026-06-13T22:03:59+07:00] mongo      <good>   polled → mongo_events.csv
[2026-06-13T22:03:59+07:00] unstr      <good>   polled → unstructured_events.csv
[2026-06-13T22:04:09+07:00] pg         <good>   polled → pg_events.csv
[2026-06-13T22:04:10+07:00] mongo      <good>   polled → mongo_events.csv
[2026-06-13T22:04:10+07:00] unstr      <good>   polled → unstructured_events.csv
[2026-06-13T22:04:20+07:00] pg         <good>   polled → pg_events.csv
[2026-06-13T22:04:21+07:00] mongo      <good>   polled → mongo_events.csv
[2026-06-13T22:04:21+07:00] unstr      <good>   polled → unstructured_events.csv
[2026-06-13T22:04:31+07:00] pg         <good>   polled → pg_events.csv
[2026-06-13T22:04:32+07:00] mongo      <good>   polled → mongo_events.csv
[2026-06-13T22:04:32+07:00] unstr      <good>   polled → unstructured_events.csv
[2026-06-13T22:04:42+07:00] pg         <good>   polled → pg_events.csv
[2026-06-13T22:04:43+07:00] mongo      <good>   polled → mongo_events.csv
[2026-06-13T22:04:43+07:00] unstr      <good>   polled → unstructured_events.csv
[2026-06-13T22:04:54+07:00] pg         <good>   polled → pg_events.csv
[2026-06-13T22:04:55+07:00] mongo      <good>   polled → mongo_events.csv
[2026-06-13T22:04:55+07:00] unstr      <good>   polled → unstructured_events.csv
[2026-06-13T22:05:05+07:00] pg         <good>   polled → pg_events.csv
[2026-06-13T22:05:06+07:00] mongo      <good>   polled → mongo_events.csv
[2026-06-13T22:05:06+07:00] unstr      <good>   polled → unstructured_events.csv
[2026-06-13T22:05:16+07:00] pg         <good>   polled → pg_events.csv
[2026-06-13T22:05:17+07:00] mongo      <good>   polled → mongo_events.csv
[2026-06-13T22:05:17+07:00] unstr      <good>   polled → unstructured_events.csv
[2026-06-13T22:05:27+07:00] pg         <good>   polled → pg_events.csv
[2026-06-13T22:05:28+07:00] mongo      <good>   polled → mongo_events.csv
[2026-06-13T22:05:28+07:00] unstr      <good>   polled → unstructured_events.csv
[2026-06-13T22:05:38+07:00] pg         <good>   polled → pg_events.csv
[2026-06-13T22:05:39+07:00] mongo      <good>   polled → mongo_events.csv
[2026-06-13T22:05:39+07:00] unstr      <good>   polled → unstructured_events.csv
[2026-06-13T22:05:49+07:00] pg         <good>   polled → pg_events.csv
[2026-06-13T22:05:50+07:00] mongo      <good>   polled → mongo_events.csv
[2026-06-13T22:05:50+07:00] unstr      <good>   polled → unstructured_events.csv
[2026-06-13T22:06:00+07:00] pg         <good>   polled → pg_events.csv
[2026-06-13T22:06:01+07:00] mongo      <good>   polled → mongo_events.csv
[2026-06-13T22:06:01+07:00] unstr      <good>   polled → unstructured_events.csv
[2026-06-13T22:06:12+07:00] pg         <good>   polled → pg_events.csv
[2026-06-13T22:06:12+07:00] mongo      <good>   polled → mongo_events.csv
[2026-06-13T22:06:12+07:00] unstr      <good>   polled → unstructured_events.csv
[2026-06-13T22:06:22+07:00] pg         <good>   polled → pg_events.csv
[2026-06-13T22:06:23+07:00] mongo      <good>   polled → mongo_events.csv
[2026-06-13T22:06:23+07:00] unstr      <good>   polled → unstructured_events.csv
[2026-06-13T22:06:30+0700] main       <info>   ──────────────────────────────────────────────────────
[2026-06-13T22:06:30+0700] main       <info>   Cycle #11 starting
[2026-06-13T22:06:31+07:00] main       <info>   starting cycle=20260613_220631 at=2026-06-13T22:06:31.001946+07:00
[2026-06-13T22:06:31+07:00] main       <info>   output_root=/home/primary/data/backup-cycles
[2026-06-13T22:06:31+07:00] main       <info>   staging_root=/home/primary/data/backup-staging
[2026-06-13T22:06:31+07:00] main       <info>   state_db=/home/primary/data/backup-metadata/pfc_index.db
[2026-06-13T22:06:31+07:00] main       <info>   retention max_cycles=30 max_bytes=50.00 GiB cycle_cap=10.00 GiB
[2026-06-13T22:06:31+07:00] main       <info>   chain_version=chain-v2 versioned_cycles_root=/home/primary/data/backup-cycles/chain-v2
[2026-06-13T22:06:31+07:00] main       <info>   last_cycle_ts=1781362889 (2026-06-13T22:01:29+07:00)
[2026-06-13T22:06:31+07:00] pg         <info>   no new WAL files
[2026-06-13T22:06:32+07:00] mongo      <good>   oplog compressed raw=432.99 KiB stored=25.13 KiB ratio=0.058 elapsed=0.01s
[2026-06-13T22:06:32+07:00] fixtures   <good>   seeded target=/home/primary/data/unstructured/fixtures copied=0 skipped=25 bytes=0 elapsed=0.00s
[2026-06-13T22:06:33+07:00] main       <info>   staging_size=4.54 MiB checked_in=0.00s
[2026-06-13T22:06:33+07:00] main       <good>   wrote checksums=/home/primary/data/backup-staging/cycle_20260613_220631.tmp/checksums.sha256
[2026-06-13T22:06:33+07:00] main       <good>   finalized dir elapsed=0.00s
[2026-06-13T22:06:33+07:00] verify     <good>   ok elapsed=0.01s
[2026-06-13T22:06:33+07:00] main       <info>   retention elapsed=0.00s
[2026-06-13T22:06:33+07:00] transfer   <info>   pushing to 1 destination(s) as 'chain-v2/20260613_220631': ['recovery@192.168.10.129:/home/recovery/local-backup/incoming']
[2026-06-13T22:06:33+07:00] pg         <good>   polled → pg_events.csv
[2026-06-13T22:06:34+07:00] mongo      <good>   polled → mongo_events.csv
[2026-06-13T22:06:34+07:00] unstr      <good>   polled → unstructured_events.csv
[2026-06-13T22:06:34+07:00] transfer   <good>   all 1 destination(s) OK elapsed=1.77s
[2026-06-13T22:06:34+07:00] main       <info>   Deleting local cycle since it was transferred: /home/primary/data/backup-cycles/chain-v2/20260613_220631
[2026-06-13T22:06:35+07:00] main       <info>   cycle_summary: wal_files=0 (0 B), pfc_chunks=23 (stored=4.52 MiB, raw=13.38 MiB), cycle_stored=0 B chain=chain-v2
[2026-06-13T22:06:35+07:00] main       <good>   completed cycle=20260613_220631 chain=chain-v2 elapsed=4.00s
[2026-06-13T22:06:35+0700] main       <good>   Cycle #11 completed OK
[2026-06-13T22:06:35+0700] main       <info>   Sleeping 5m until next cycle …
[2026-06-13T22:06:44+07:00] pg         <good>   polled → pg_events.csv
[2026-06-13T22:06:45+07:00] mongo      <good>   polled → mongo_events.csv
[2026-06-13T22:06:45+07:00] unstr      <good>   polled → unstructured_events.csv
[2026-06-13T22:06:55+07:00] pg         <good>   polled → pg_events.csv
[2026-06-13T22:06:56+07:00] mongo      <good>   polled → mongo_events.csv
[2026-06-13T22:06:56+07:00] unstr      <good>   polled → unstructured_events.csv
[2026-06-13T22:07:07+07:00] pg         <good>   polled → pg_events.csv
[2026-06-13T22:07:08+07:00] mongo      <good>   polled → mongo_events.csv
[2026-06-13T22:07:08+07:00] unstr      <good>   polled → unstructured_events.csv
[2026-06-13T22:07:18+07:00] pg         <good>   polled → pg_events.csv
[2026-06-13T22:07:19+07:00] mongo      <good>   polled → mongo_events.csv
[2026-06-13T22:07:19+07:00] unstr      <good>   polled → unstructured_events.csv
[2026-06-13T22:07:29+07:00] pg         <good>   polled → pg_events.csv
[2026-06-13T22:07:29+07:00] mongo      <good>   polled → mongo_events.csv
[2026-06-13T22:07:29+07:00] unstr      <good>   polled → unstructured_events.csv
[2026-06-13T22:07:40+07:00] pg         <good>   polled → pg_events.csv
[2026-06-13T22:07:40+07:00] mongo      <good>   polled → mongo_events.csv
[2026-06-13T22:07:40+07:00] unstr      <good>   polled → unstructured_events.csv
[2026-06-13T22:07:51+07:00] pg         <good>   polled → pg_events.csv
[2026-06-13T22:07:51+07:00] mongo      <good>   polled → mongo_events.csv
[2026-06-13T22:07:51+07:00] unstr      <good>   polled → unstructured_events.csv
[2026-06-13T22:08:01+07:00] pg         <good>   polled → pg_events.csv
[2026-06-13T22:08:02+07:00] mongo      <good>   polled → mongo_events.csv
[2026-06-13T22:08:02+07:00] unstr      <good>   polled → unstructured_events.csv
[2026-06-13T22:08:12+07:00] pg         <good>   polled → pg_events.csv
[2026-06-13T22:08:13+07:00] mongo      <good>   polled → mongo_events.csv
[2026-06-13T22:08:13+07:00] unstr      <good>   polled → unstructured_events.csv
[2026-06-13T22:08:23+07:00] pg         <good>   polled → pg_events.csv
[2026-06-13T22:08:24+07:00] mongo      <good>   polled → mongo_events.csv
[2026-06-13T22:08:24+07:00] unstr      <good>   polled → unstructured_events.csv
[2026-06-13T22:08:34+07:00] pg         <good>   polled → pg_events.csv
[2026-06-13T22:08:35+07:00] mongo      <good>   polled → mongo_events.csv
[2026-06-13T22:08:35+07:00] unstr      <good>   polled → unstructured_events.csv
[2026-06-13T22:08:45+07:00] pg         <good>   polled → pg_events.csv
[2026-06-13T22:08:46+07:00] mongo      <good>   polled → mongo_events.csv
[2026-06-13T22:08:46+07:00] unstr      <good>   polled → unstructured_events.csv
[2026-06-13T22:08:56+07:00] pg         <good>   polled → pg_events.csv
[2026-06-13T22:08:57+07:00] mongo      <good>   polled → mongo_events.csv
[2026-06-13T22:08:57+07:00] unstr      <good>   polled → unstructured_events.csv
[2026-06-13T22:09:07+07:00] pg         <good>   polled → pg_events.csv
[2026-06-13T22:09:08+07:00] mongo      <good>   polled → mongo_events.csv
[2026-06-13T22:09:08+07:00] unstr      <good>   polled → unstructured_events.csv
[2026-06-13T22:09:18+07:00] pg         <good>   polled → pg_events.csv
[2026-06-13T22:09:19+07:00] mongo      <good>   polled → mongo_events.csv
[2026-06-13T22:09:19+07:00] unstr      <good>   polled → unstructured_events.csv
[2026-06-13T22:09:29+07:00] pg         <good>   polled → pg_events.csv
[2026-06-13T22:09:30+07:00] mongo      <good>   polled → mongo_events.csv
[2026-06-13T22:09:30+07:00] unstr      <good>   polled → unstructured_events.csv
[2026-06-13T22:09:40+07:00] pg         <good>   polled → pg_events.csv
[2026-06-13T22:09:41+07:00] mongo      <good>   polled → mongo_events.csv
[2026-06-13T22:09:41+07:00] unstr      <good>   polled → unstructured_events.csv
[2026-06-13T22:09:51+07:00] pg         <good>   polled → pg_events.csv
[2026-06-13T22:09:52+07:00] mongo      <good>   polled → mongo_events.csv
[2026-06-13T22:09:52+07:00] unstr      <good>   polled → unstructured_events.csv
[2026-06-13T22:10:02+07:00] pg         <good>   polled → pg_events.csv
[2026-06-13T22:10:03+07:00] mongo      <good>   polled → mongo_events.csv
[2026-06-13T22:10:03+07:00] unstr      <good>   polled → unstructured_events.csv
[2026-06-13T22:10:13+07:00] pg         <good>   polled → pg_events.csv
[2026-06-13T22:10:14+07:00] mongo      <good>   polled → mongo_events.csv
[2026-06-13T22:10:14+07:00] unstr      <good>   polled → unstructured_events.csv
[2026-06-13T22:10:24+07:00] pg         <good>   polled → pg_events.csv
[2026-06-13T22:10:25+07:00] mongo      <good>   polled → mongo_events.csv
[2026-06-13T22:10:25+07:00] unstr      <good>   polled → unstructured_events.csv
[2026-06-13T22:10:35+07:00] pg         <good>   polled → pg_events.csv
[2026-06-13T22:10:36+07:00] mongo      <good>   polled → mongo_events.csv
[2026-06-13T22:10:36+07:00] unstr      <good>   polled → unstructured_events.csv
[2026-06-13T22:10:46+07:00] pg         <good>   polled → pg_events.csv
[2026-06-13T22:10:47+07:00] mongo      <good>   polled → mongo_events.csv
[2026-06-13T22:10:47+07:00] unstr      <good>   polled → unstructured_events.csv
[2026-06-13T22:10:57+07:00] pg         <good>   polled → pg_events.csv
[2026-06-13T22:10:58+07:00] mongo      <good>   polled → mongo_events.csv
[2026-06-13T22:10:58+07:00] unstr      <good>   polled → unstructured_events.csv
[2026-06-13T22:11:08+07:00] pg         <good>   polled → pg_events.csv
[2026-06-13T22:11:09+07:00] mongo      <good>   polled → mongo_events.csv
[2026-06-13T22:11:09+07:00] unstr      <good>   polled → unstructured_events.csv
[2026-06-13T22:11:19+07:00] pg         <good>   polled → pg_events.csv
[2026-06-13T22:11:20+07:00] mongo      <good>   polled → mongo_events.csv
[2026-06-13T22:11:20+07:00] unstr      <good>   polled → unstructured_events.csv
[2026-06-13T22:11:31+07:00] pg         <good>   polled → pg_events.csv
[2026-06-13T22:11:32+07:00] mongo      <good>   polled → mongo_events.csv
[2026-06-13T22:11:32+07:00] unstr      <good>   polled → unstructured_events.csv
[2026-06-13T22:11:35+0700] main       <info>   ──────────────────────────────────────────────────────
[2026-06-13T22:11:35+0700] main       <info>   Cycle #12 starting
[2026-06-13T22:11:35+07:00] main       <info>   starting cycle=20260613_221135 at=2026-06-13T22:11:35.230555+07:00
[2026-06-13T22:11:35+07:00] main       <info>   output_root=/home/primary/data/backup-cycles
[2026-06-13T22:11:35+07:00] main       <info>   staging_root=/home/primary/data/backup-staging
[2026-06-13T22:11:35+07:00] main       <info>   state_db=/home/primary/data/backup-metadata/pfc_index.db
[2026-06-13T22:11:35+07:00] main       <info>   retention max_cycles=30 max_bytes=50.00 GiB cycle_cap=10.00 GiB
[2026-06-13T22:11:35+07:00] main       <info>   chain_version=chain-v2 versioned_cycles_root=/home/primary/data/backup-cycles/chain-v2
[2026-06-13T22:11:35+07:00] main       <info>   last_cycle_ts=1781363193 (2026-06-13T22:06:33+07:00)
[2026-06-13T22:11:35+07:00] pg         <info>   no new WAL files
[2026-06-13T22:11:36+07:00] mongo      <good>   oplog compressed raw=555.72 KiB stored=31.67 KiB ratio=0.057 elapsed=0.01s
[2026-06-13T22:11:36+07:00] fixtures   <good>   seeded target=/home/primary/data/unstructured/fixtures copied=0 skipped=25 bytes=0 elapsed=0.00s
[2026-06-13T22:11:37+07:00] main       <info>   staging_size=3.98 MiB checked_in=0.00s
[2026-06-13T22:11:37+07:00] main       <good>   wrote checksums=/home/primary/data/backup-staging/cycle_20260613_221135.tmp/checksums.sha256
[2026-06-13T22:11:37+07:00] main       <good>   finalized dir elapsed=0.00s
[2026-06-13T22:11:37+07:00] verify     <good>   ok elapsed=0.02s
[2026-06-13T22:11:37+07:00] main       <info>   retention elapsed=0.00s
[2026-06-13T22:11:37+07:00] transfer   <info>   pushing to 1 destination(s) as 'chain-v2/20260613_221135': ['recovery@192.168.10.129:/home/recovery/local-backup/incoming']
[2026-06-13T22:11:39+07:00] transfer   <good>   all 1 destination(s) OK elapsed=1.99s
[2026-06-13T22:11:39+07:00] main       <info>   Deleting local cycle since it was transferred: /home/primary/data/backup-cycles/chain-v2/20260613_221135
[2026-06-13T22:11:39+07:00] main       <info>   cycle_summary: wal_files=0 (0 B), pfc_chunks=18 (stored=3.95 MiB, raw=11.47 MiB), cycle_stored=0 B chain=chain-v2
[2026-06-13T22:11:39+07:00] main       <good>   completed cycle=20260613_221135 chain=chain-v2 elapsed=4.52s
[2026-06-13T22:11:39+0700] main       <good>   Cycle #12 completed OK
[2026-06-13T22:11:39+0700] main       <info>   Sleeping 5m until next cycle …
[2026-06-13T22:11:42+07:00] pg         <good>   polled → pg_events.csv
[2026-06-13T22:11:43+07:00] mongo      <good>   polled → mongo_events.csv
[2026-06-13T22:11:43+07:00] unstr      <good>   polled → unstructured_events.csv
[2026-06-13T22:11:53+07:00] pg         <good>   polled → pg_events.csv
[2026-06-13T22:11:54+07:00] mongo      <good>   polled → mongo_events.csv
[2026-06-13T22:11:54+07:00] unstr      <good>   polled → unstructured_events.csv
[2026-06-13T22:12:05+07:00] pg         <good>   polled → pg_events.csv
[2026-06-13T22:12:06+07:00] mongo      <good>   polled → mongo_events.csv
[2026-06-13T22:12:06+07:00] unstr      <good>   polled → unstructured_events.csv
[2026-06-13T22:12:16+07:00] pg         <good>   polled → pg_events.csv
[2026-06-13T22:12:17+07:00] mongo      <good>   polled → mongo_events.csv
[2026-06-13T22:12:17+07:00] unstr      <good>   polled → unstructured_events.csv
[2026-06-13T22:12:27+07:00] pg         <good>   polled → pg_events.csv
[2026-06-13T22:12:28+07:00] mongo      <good>   polled → mongo_events.csv
[2026-06-13T22:12:28+07:00] unstr      <good>   polled → unstructured_events.csv
[2026-06-13T22:12:38+07:00] pg         <good>   polled → pg_events.csv
[2026-06-13T22:12:39+07:00] mongo      <good>   polled → mongo_events.csv
[2026-06-13T22:12:39+07:00] unstr      <good>   polled → unstructured_events.csv
[2026-06-13T22:12:49+07:00] pg         <good>   polled → pg_events.csv
[2026-06-13T22:12:50+07:00] mongo      <good>   polled → mongo_events.csv
[2026-06-13T22:12:50+07:00] unstr      <good>   polled → unstructured_events.csv
[2026-06-13T22:13:01+07:00] pg         <good>   polled → pg_events.csv
[2026-06-13T22:13:02+07:00] mongo      <good>   polled → mongo_events.csv
[2026-06-13T22:13:02+07:00] unstr      <good>   polled → unstructured_events.csv
[2026-06-13T22:13:12+07:00] pg         <good>   polled → pg_events.csv
[2026-06-13T22:13:13+07:00] mongo      <good>   polled → mongo_events.csv
[2026-06-13T22:13:13+07:00] unstr      <good>   polled → unstructured_events.csv
[2026-06-13T22:13:23+07:00] pg         <good>   polled → pg_events.csv
[2026-06-13T22:13:24+07:00] mongo      <good>   polled → mongo_events.csv
[2026-06-13T22:13:24+07:00] unstr      <good>   polled → unstructured_events.csv
[2026-06-13T22:13:34+07:00] pg         <good>   polled → pg_events.csv
[2026-06-13T22:13:35+07:00] mongo      <good>   polled → mongo_events.csv
[2026-06-13T22:13:35+07:00] unstr      <good>   polled → unstructured_events.csv
[2026-06-13T22:13:45+07:00] pg         <good>   polled → pg_events.csv
[2026-06-13T22:13:46+07:00] mongo      <good>   polled → mongo_events.csv
[2026-06-13T22:13:46+07:00] unstr      <good>   polled → unstructured_events.csv
[2026-06-13T22:13:56+07:00] pg         <good>   polled → pg_events.csv
[2026-06-13T22:13:57+07:00] mongo      <good>   polled → mongo_events.csv
[2026-06-13T22:13:57+07:00] unstr      <good>   polled → unstructured_events.csv
[2026-06-13T22:14:07+07:00] pg         <good>   polled → pg_events.csv
[2026-06-13T22:14:08+07:00] mongo      <good>   polled → mongo_events.csv
[2026-06-13T22:14:08+07:00] unstr      <good>   polled → unstructured_events.csv
[2026-06-13T22:14:18+07:00] pg         <good>   polled → pg_events.csv
[2026-06-13T22:14:20+07:00] mongo      <good>   polled → mongo_events.csv
[2026-06-13T22:14:20+07:00] unstr      <good>   polled → unstructured_events.csv
[2026-06-13T22:14:30+07:00] pg         <good>   polled → pg_events.csv
[2026-06-13T22:14:31+07:00] mongo      <good>   polled → mongo_events.csv
[2026-06-13T22:14:31+07:00] unstr      <good>   polled → unstructured_events.csv
[2026-06-13T22:14:41+07:00] pg         <good>   polled → pg_events.csv
[2026-06-13T22:14:42+07:00] mongo      <good>   polled → mongo_events.csv
[2026-06-13T22:14:42+07:00] unstr      <good>   polled → unstructured_events.csv
[2026-06-13T22:14:52+07:00] pg         <good>   polled → pg_events.csv
[2026-06-13T22:14:53+07:00] mongo      <good>   polled → mongo_events.csv
[2026-06-13T22:14:53+07:00] unstr      <good>   polled → unstructured_events.csv
[2026-06-13T22:15:03+07:00] pg         <good>   polled → pg_events.csv
[2026-06-13T22:15:04+07:00] mongo      <good>   polled → mongo_events.csv
[2026-06-13T22:15:04+07:00] unstr      <good>   polled → unstructured_events.csv
[2026-06-13T22:15:14+07:00] pg         <good>   polled → pg_events.csv
[2026-06-13T22:15:15+07:00] mongo      <good>   polled → mongo_events.csv
[2026-06-13T22:15:15+07:00] unstr      <good>   polled → unstructured_events.csv
[2026-06-13T22:15:25+07:00] pg         <good>   polled → pg_events.csv
[2026-06-13T22:15:26+07:00] mongo      <good>   polled → mongo_events.csv
[2026-06-13T22:15:26+07:00] unstr      <good>   polled → unstructured_events.csv
[2026-06-13T22:15:36+07:00] pg         <good>   polled → pg_events.csv
[2026-06-13T22:15:37+07:00] mongo      <good>   polled → mongo_events.csv
[2026-06-13T22:15:37+07:00] unstr      <good>   polled → unstructured_events.csv
[2026-06-13T22:15:47+07:00] pg         <good>   polled → pg_events.csv
[2026-06-13T22:15:48+07:00] mongo      <good>   polled → mongo_events.csv
[2026-06-13T22:15:48+07:00] unstr      <good>   polled → unstructured_events.csv
[2026-06-13T22:15:58+07:00] pg         <good>   polled → pg_events.csv
[2026-06-13T22:15:59+07:00] mongo      <good>   polled → mongo_events.csv
[2026-06-13T22:15:59+07:00] unstr      <good>   polled → unstructured_events.csv
[2026-06-13T22:16:09+07:00] pg         <good>   polled → pg_events.csv
[2026-06-13T22:16:10+07:00] mongo      <good>   polled → mongo_events.csv
[2026-06-13T22:16:10+07:00] unstr      <good>   polled → unstructured_events.csv
[2026-06-13T22:16:20+07:00] pg         <good>   polled → pg_events.csv
[2026-06-13T22:16:21+07:00] mongo      <good>   polled → mongo_events.csv
[2026-06-13T22:16:21+07:00] unstr      <good>   polled → unstructured_events.csv
[2026-06-13T22:16:31+07:00] pg         <good>   polled → pg_events.csv
[2026-06-13T22:16:32+07:00] mongo      <good>   polled → mongo_events.csv
[2026-06-13T22:16:32+07:00] unstr      <good>   polled → unstructured_events.csv
[2026-06-13T22:16:39+0700] main       <info>   ──────────────────────────────────────────────────────
[2026-06-13T22:16:39+0700] main       <info>   Cycle #13 starting
[2026-06-13T22:16:39+07:00] main       <info>   starting cycle=20260613_221639 at=2026-06-13T22:16:39.884681+07:00
[2026-06-13T22:16:39+07:00] main       <info>   output_root=/home/primary/data/backup-cycles
[2026-06-13T22:16:39+07:00] main       <info>   staging_root=/home/primary/data/backup-staging
[2026-06-13T22:16:39+07:00] main       <info>   state_db=/home/primary/data/backup-metadata/pfc_index.db
[2026-06-13T22:16:39+07:00] main       <info>   retention max_cycles=30 max_bytes=50.00 GiB cycle_cap=10.00 GiB
[2026-06-13T22:16:39+07:00] main       <info>   chain_version=chain-v2 versioned_cycles_root=/home/primary/data/backup-cycles/chain-v2
[2026-06-13T22:16:39+07:00] main       <info>   last_cycle_ts=1781363497 (2026-06-13T22:11:37+07:00)
[2026-06-13T22:16:39+07:00] pg         <info>   no new WAL files
[2026-06-13T22:16:41+07:00] mongo      <good>   oplog compressed raw=551.16 KiB stored=31.32 KiB ratio=0.057 elapsed=0.01s
[2026-06-13T22:16:41+07:00] fixtures   <good>   seeded target=/home/primary/data/unstructured/fixtures copied=0 skipped=25 bytes=0 elapsed=0.00s
[2026-06-13T22:16:42+07:00] main       <info>   staging_size=5.44 MiB checked_in=0.00s
[2026-06-13T22:16:42+07:00] main       <good>   wrote checksums=/home/primary/data/backup-staging/cycle_20260613_221639.tmp/checksums.sha256
[2026-06-13T22:16:42+07:00] main       <good>   finalized dir elapsed=0.00s
[2026-06-13T22:16:42+07:00] verify     <good>   ok elapsed=0.03s
[2026-06-13T22:16:42+07:00] main       <info>   retention elapsed=0.00s
[2026-06-13T22:16:42+07:00] transfer   <info>   pushing to 1 destination(s) as 'chain-v2/20260613_221639': ['recovery@192.168.10.129:/home/recovery/local-backup/incoming']
[2026-06-13T22:16:42+07:00] pg         <good>   polled → pg_events.csv
[2026-06-13T22:16:43+07:00] mongo      <good>   polled → mongo_events.csv
[2026-06-13T22:16:43+07:00] unstr      <good>   polled → unstructured_events.csv
[2026-06-13T22:16:44+07:00] transfer   <good>   all 1 destination(s) OK elapsed=1.59s
[2026-06-13T22:16:44+07:00] main       <info>   Deleting local cycle since it was transferred: /home/primary/data/backup-cycles/chain-v2/20260613_221639
[2026-06-13T22:16:44+07:00] main       <info>   cycle_summary: wal_files=0 (0 B), pfc_chunks=27 (stored=5.40 MiB, raw=15.83 MiB), cycle_stored=0 B chain=chain-v2
[2026-06-13T22:16:44+07:00] main       <good>   completed cycle=20260613_221639 chain=chain-v2 elapsed=4.22s
[2026-06-13T22:16:44+0700] main       <good>   Cycle #13 completed OK
[2026-06-13T22:16:44+0700] main       <info>   Sleeping 5m until next cycle …
[2026-06-13T22:16:54+07:00] pg         <good>   polled → pg_events.csv
[2026-06-13T22:16:55+07:00] mongo      <good>   polled → mongo_events.csv
[2026-06-13T22:16:55+07:00] unstr      <good>   polled → unstructured_events.csv
[2026-06-13T22:17:05+07:00] pg         <good>   polled → pg_events.csv
[2026-06-13T22:17:06+07:00] mongo      <good>   polled → mongo_events.csv
[2026-06-13T22:17:06+07:00] unstr      <good>   polled → unstructured_events.csv
[2026-06-13T22:17:16+07:00] pg         <good>   polled → pg_events.csv
[2026-06-13T22:17:17+07:00] mongo      <good>   polled → mongo_events.csv
[2026-06-13T22:17:17+07:00] unstr      <good>   polled → unstructured_events.csv
[2026-06-13T22:17:27+07:00] pg         <good>   polled → pg_events.csv
[2026-06-13T22:17:28+07:00] mongo      <good>   polled → mongo_events.csv
[2026-06-13T22:17:28+07:00] unstr      <good>   polled → unstructured_events.csv
[2026-06-13T22:17:38+07:00] pg         <good>   polled → pg_events.csv
[2026-06-13T22:17:39+07:00] mongo      <good>   polled → mongo_events.csv
[2026-06-13T22:17:39+07:00] unstr      <good>   polled → unstructured_events.csv
[2026-06-13T22:17:49+07:00] pg         <good>   polled → pg_events.csv
[2026-06-13T22:17:50+07:00] mongo      <good>   polled → mongo_events.csv
[2026-06-13T22:17:50+07:00] unstr      <good>   polled → unstructured_events.csv
[2026-06-13T22:18:00+07:00] pg         <good>   polled → pg_events.csv
[2026-06-13T22:18:01+07:00] mongo      <good>   polled → mongo_events.csv
[2026-06-13T22:18:01+07:00] unstr      <good>   polled → unstructured_events.csv
[2026-06-13T22:18:11+07:00] pg         <good>   polled → pg_events.csv
[2026-06-13T22:18:12+07:00] mongo      <good>   polled → mongo_events.csv
[2026-06-13T22:18:12+07:00] unstr      <good>   polled → unstructured_events.csv
[2026-06-13T22:18:22+07:00] pg         <good>   polled → pg_events.csv
[2026-06-13T22:18:23+07:00] mongo      <good>   polled → mongo_events.csv
[2026-06-13T22:18:23+07:00] unstr      <good>   polled → unstructured_events.csv
[2026-06-13T22:18:33+07:00] pg         <good>   polled → pg_events.csv
[2026-06-13T22:18:34+07:00] mongo      <good>   polled → mongo_events.csv
[2026-06-13T22:18:34+07:00] unstr      <good>   polled → unstructured_events.csv
[2026-06-13T22:18:44+07:00] pg         <good>   polled → pg_events.csv
[2026-06-13T22:18:45+07:00] mongo      <good>   polled → mongo_events.csv
[2026-06-13T22:18:45+07:00] unstr      <good>   polled → unstructured_events.csv
[2026-06-13T22:18:55+07:00] pg         <good>   polled → pg_events.csv
[2026-06-13T22:18:56+07:00] mongo      <good>   polled → mongo_events.csv
[2026-06-13T22:18:56+07:00] unstr      <good>   polled → unstructured_events.csv
[2026-06-13T22:19:06+07:00] pg         <good>   polled → pg_events.csv
[2026-06-13T22:19:07+07:00] mongo      <good>   polled → mongo_events.csv
[2026-06-13T22:19:07+07:00] unstr      <good>   polled → unstructured_events.csv
[2026-06-13T22:19:17+07:00] pg         <good>   polled → pg_events.csv
[2026-06-13T22:19:18+07:00] mongo      <good>   polled → mongo_events.csv
[2026-06-13T22:19:18+07:00] unstr      <good>   polled → unstructured_events.csv
[2026-06-13T22:19:29+07:00] pg         <good>   polled → pg_events.csv
[2026-06-13T22:19:30+07:00] mongo      <good>   polled → mongo_events.csv
[2026-06-13T22:19:30+07:00] unstr      <good>   polled → unstructured_events.csv
[2026-06-13T22:19:40+07:00] pg         <good>   polled → pg_events.csv
[2026-06-13T22:19:41+07:00] mongo      <good>   polled → mongo_events.csv
[2026-06-13T22:19:41+07:00] unstr      <good>   polled → unstructured_events.csv
[2026-06-13T22:19:51+07:00] pg         <good>   polled → pg_events.csv
[2026-06-13T22:19:52+07:00] mongo      <good>   polled → mongo_events.csv
[2026-06-13T22:19:52+07:00] unstr      <good>   polled → unstructured_events.csv
[2026-06-13T22:20:02+07:00] pg         <good>   polled → pg_events.csv
[2026-06-13T22:20:03+07:00] mongo      <good>   polled → mongo_events.csv
[2026-06-13T22:20:03+07:00] unstr      <good>   polled → unstructured_events.csv
[2026-06-13T22:20:13+07:00] pg         <good>   polled → pg_events.csv
[2026-06-13T22:20:14+07:00] mongo      <good>   polled → mongo_events.csv
[2026-06-13T22:20:14+07:00] unstr      <good>   polled → unstructured_events.csv
[2026-06-13T22:20:24+07:00] pg         <good>   polled → pg_events.csv
[2026-06-13T22:20:25+07:00] mongo      <good>   polled → mongo_events.csv
[2026-06-13T22:20:25+07:00] unstr      <good>   polled → unstructured_events.csv
[2026-06-13T22:20:35+07:00] pg         <good>   polled → pg_events.csv
[2026-06-13T22:20:36+07:00] mongo      <good>   polled → mongo_events.csv
[2026-06-13T22:20:36+07:00] unstr      <good>   polled → unstructured_events.csv
[2026-06-13T22:20:46+07:00] pg         <good>   polled → pg_events.csv
[2026-06-13T22:20:47+07:00] mongo      <good>   polled → mongo_events.csv
[2026-06-13T22:20:47+07:00] unstr      <good>   polled → unstructured_events.csv
[2026-06-13T22:20:57+07:00] pg         <good>   polled → pg_events.csv
[2026-06-13T22:20:58+07:00] mongo      <good>   polled → mongo_events.csv
[2026-06-13T22:20:58+07:00] unstr      <good>   polled → unstructured_events.csv
[2026-06-13T22:21:08+07:00] pg         <good>   polled → pg_events.csv
[2026-06-13T22:21:09+07:00] mongo      <good>   polled → mongo_events.csv
[2026-06-13T22:21:09+07:00] unstr      <good>   polled → unstructured_events.csv
[2026-06-13T22:21:19+07:00] pg         <good>   polled → pg_events.csv
[2026-06-13T22:21:20+07:00] mongo      <good>   polled → mongo_events.csv
[2026-06-13T22:21:20+07:00] unstr      <good>   polled → unstructured_events.csv
[2026-06-13T22:21:30+07:00] pg         <good>   polled → pg_events.csv
[2026-06-13T22:21:31+07:00] mongo      <good>   polled → mongo_events.csv
[2026-06-13T22:21:31+07:00] unstr      <good>   polled → unstructured_events.csv
[2026-06-13T22:21:41+07:00] pg         <good>   polled → pg_events.csv
[2026-06-13T22:21:42+07:00] mongo      <good>   polled → mongo_events.csv
[2026-06-13T22:21:42+07:00] unstr      <good>   polled → unstructured_events.csv
[2026-06-13T22:21:44+0700] main       <info>   ──────────────────────────────────────────────────────
[2026-06-13T22:21:44+0700] main       <info>   Cycle #14 starting
[2026-06-13T22:21:44+07:00] main       <info>   starting cycle=20260613_222144 at=2026-06-13T22:21:44.255877+07:00
[2026-06-13T22:21:44+07:00] main       <info>   output_root=/home/primary/data/backup-cycles
[2026-06-13T22:21:44+07:00] main       <info>   staging_root=/home/primary/data/backup-staging
[2026-06-13T22:21:44+07:00] main       <info>   state_db=/home/primary/data/backup-metadata/pfc_index.db
[2026-06-13T22:21:44+07:00] main       <info>   retention max_cycles=30 max_bytes=50.00 GiB cycle_cap=10.00 GiB
[2026-06-13T22:21:44+07:00] main       <info>   chain_version=chain-v2 versioned_cycles_root=/home/primary/data/backup-cycles/chain-v2
[2026-06-13T22:21:44+07:00] main       <info>   last_cycle_ts=1781363802 (2026-06-13T22:16:42+07:00)
[2026-06-13T22:21:44+07:00] pg         <info>   no new WAL files
[2026-06-13T22:21:45+07:00] mongo      <good>   oplog compressed raw=542.78 KiB stored=31.22 KiB ratio=0.058 elapsed=0.01s
[2026-06-13T22:21:45+07:00] fixtures   <good>   seeded target=/home/primary/data/unstructured/fixtures copied=0 skipped=25 bytes=0 elapsed=0.00s
[2026-06-13T22:21:46+07:00] main       <info>   staging_size=3.42 MiB checked_in=0.00s
[2026-06-13T22:21:46+07:00] main       <good>   wrote checksums=/home/primary/data/backup-staging/cycle_20260613_222144.tmp/checksums.sha256
[2026-06-13T22:21:46+07:00] main       <good>   finalized dir elapsed=0.00s
[2026-06-13T22:21:46+07:00] verify     <good>   ok elapsed=0.01s
[2026-06-13T22:21:46+07:00] main       <info>   retention elapsed=0.00s
[2026-06-13T22:21:46+07:00] transfer   <info>   pushing to 1 destination(s) as 'chain-v2/20260613_222144': ['recovery@192.168.10.129:/home/recovery/local-backup/incoming']
[2026-06-13T22:21:47+07:00] transfer   <good>   all 1 destination(s) OK elapsed=1.52s
[2026-06-13T22:21:47+07:00] main       <info>   Deleting local cycle since it was transferred: /home/primary/data/backup-cycles/chain-v2/20260613_222144
[2026-06-13T22:21:47+07:00] main       <info>   cycle_summary: wal_files=0 (0 B), pfc_chunks=20 (stored=3.39 MiB, raw=10.98 MiB), cycle_stored=0 B chain=chain-v2
[2026-06-13T22:21:47+07:00] main       <good>   completed cycle=20260613_222144 chain=chain-v2 elapsed=3.69s
[2026-06-13T22:21:47+0700] main       <good>   Cycle #14 completed OK
[2026-06-13T22:21:47+0700] main       <info>   Sleeping 5m until next cycle …
[2026-06-13T22:21:52+07:00] pg         <good>   polled → pg_events.csv
[2026-06-13T22:21:53+07:00] mongo      <good>   polled → mongo_events.csv
[2026-06-13T22:21:53+07:00] unstr      <good>   polled → unstructured_events.csv
[2026-06-13T22:22:03+07:00] pg         <good>   polled → pg_events.csv
[2026-06-13T22:22:04+07:00] mongo      <good>   polled → mongo_events.csv
[2026-06-13T22:22:04+07:00] unstr      <good>   polled → unstructured_events.csv
[2026-06-13T22:22:14+07:00] pg         <good>   polled → pg_events.csv
[2026-06-13T22:22:15+07:00] mongo      <good>   polled → mongo_events.csv
[2026-06-13T22:22:15+07:00] unstr      <good>   polled → unstructured_events.csv
[2026-06-13T22:22:25+07:00] pg         <good>   polled → pg_events.csv
[2026-06-13T22:22:26+07:00] mongo      <good>   polled → mongo_events.csv
[2026-06-13T22:22:26+07:00] unstr      <good>   polled → unstructured_events.csv
[2026-06-13T22:22:36+07:00] pg         <good>   polled → pg_events.csv
[2026-06-13T22:22:37+07:00] mongo      <good>   polled → mongo_events.csv
[2026-06-13T22:22:37+07:00] unstr      <good>   polled → unstructured_events.csv
[2026-06-13T22:22:47+07:00] pg         <good>   polled → pg_events.csv
[2026-06-13T22:22:48+07:00] mongo      <good>   polled → mongo_events.csv
[2026-06-13T22:22:48+07:00] unstr      <good>   polled → unstructured_events.csv
[2026-06-13T22:22:58+07:00] pg         <good>   polled → pg_events.csv
[2026-06-13T22:22:59+07:00] mongo      <good>   polled → mongo_events.csv
[2026-06-13T22:22:59+07:00] unstr      <good>   polled → unstructured_events.csv
[2026-06-13T22:23:10+07:00] pg         <good>   polled → pg_events.csv
[2026-06-13T22:23:10+07:00] mongo      <good>   polled → mongo_events.csv
[2026-06-13T22:23:10+07:00] unstr      <good>   polled → unstructured_events.csv
[2026-06-13T22:23:21+07:00] pg         <good>   polled → pg_events.csv
[2026-06-13T22:23:21+07:00] mongo      <good>   polled → mongo_events.csv
[2026-06-13T22:23:21+07:00] unstr      <good>   polled → unstructured_events.csv
[2026-06-13T22:23:32+07:00] pg         <good>   polled → pg_events.csv
[2026-06-13T22:23:33+07:00] mongo      <good>   polled → mongo_events.csv
[2026-06-13T22:23:33+07:00] unstr      <good>   polled → unstructured_events.csv
[2026-06-13T22:23:43+07:00] pg         <good>   polled → pg_events.csv
[2026-06-13T22:23:44+07:00] mongo      <good>   polled → mongo_events.csv
[2026-06-13T22:23:44+07:00] unstr      <good>   polled → unstructured_events.csv
[2026-06-13T22:23:54+07:00] pg         <good>   polled → pg_events.csv
[2026-06-13T22:23:55+07:00] mongo      <good>   polled → mongo_events.csv
[2026-06-13T22:23:55+07:00] unstr      <good>   polled → unstructured_events.csv
[2026-06-13T22:24:05+07:00] pg         <good>   polled → pg_events.csv
[2026-06-13T22:24:05+07:00] mongo      <good>   polled → mongo_events.csv
[2026-06-13T22:24:05+07:00] unstr      <good>   polled → unstructured_events.csv
[2026-06-13T22:24:16+07:00] pg         <good>   polled → pg_events.csv
[2026-06-13T22:24:17+07:00] mongo      <good>   polled → mongo_events.csv
[2026-06-13T22:24:17+07:00] unstr      <good>   polled → unstructured_events.csv
[2026-06-13T22:24:27+07:00] pg         <good>   polled → pg_events.csv
[2026-06-13T22:24:28+07:00] mongo      <good>   polled → mongo_events.csv
[2026-06-13T22:24:28+07:00] unstr      <good>   polled → unstructured_events.csv
[2026-06-13T22:24:38+07:00] pg         <good>   polled → pg_events.csv
[2026-06-13T22:24:39+07:00] mongo      <good>   polled → mongo_events.csv
[2026-06-13T22:24:39+07:00] unstr      <good>   polled → unstructured_events.csv
[2026-06-13T22:24:49+07:00] pg         <good>   polled → pg_events.csv
[2026-06-13T22:24:50+07:00] mongo      <good>   polled → mongo_events.csv
[2026-06-13T22:24:50+07:00] unstr      <good>   polled → unstructured_events.csv
[2026-06-13T22:25:00+07:00] pg         <good>   polled → pg_events.csv
[2026-06-13T22:25:01+07:00] mongo      <good>   polled → mongo_events.csv
[2026-06-13T22:25:01+07:00] unstr      <good>   polled → unstructured_events.csv
[2026-06-13T22:25:11+07:00] pg         <good>   polled → pg_events.csv
[2026-06-13T22:25:12+07:00] mongo      <good>   polled → mongo_events.csv
[2026-06-13T22:25:12+07:00] unstr      <good>   polled → unstructured_events.csv
[2026-06-13T22:25:22+07:00] pg         <good>   polled → pg_events.csv
[2026-06-13T22:25:23+07:00] mongo      <good>   polled → mongo_events.csv
[2026-06-13T22:25:23+07:00] unstr      <good>   polled → unstructured_events.csv
[2026-06-13T22:25:33+07:00] pg         <good>   polled → pg_events.csv
[2026-06-13T22:25:34+07:00] mongo      <good>   polled → mongo_events.csv
[2026-06-13T22:25:34+07:00] unstr      <good>   polled → unstructured_events.csv
[2026-06-13T22:25:44+07:00] pg         <good>   polled → pg_events.csv
[2026-06-13T22:25:45+07:00] mongo      <good>   polled → mongo_events.csv
[2026-06-13T22:25:45+07:00] unstr      <good>   polled → unstructured_events.csv
[2026-06-13T22:25:55+07:00] pg         <good>   polled → pg_events.csv
[2026-06-13T22:25:56+07:00] mongo      <good>   polled → mongo_events.csv
[2026-06-13T22:25:56+07:00] unstr      <good>   polled → unstructured_events.csv
[2026-06-13T22:26:06+07:00] pg         <good>   polled → pg_events.csv
[2026-06-13T22:26:07+07:00] mongo      <good>   polled → mongo_events.csv
[2026-06-13T22:26:07+07:00] unstr      <good>   polled → unstructured_events.csv
[2026-06-13T22:26:17+07:00] pg         <good>   polled → pg_events.csv
[2026-06-13T22:26:18+07:00] mongo      <good>   polled → mongo_events.csv
[2026-06-13T22:26:18+07:00] unstr      <good>   polled → unstructured_events.csv
[2026-06-13T22:26:28+07:00] pg         <good>   polled → pg_events.csv
[2026-06-13T22:26:29+07:00] mongo      <good>   polled → mongo_events.csv
[2026-06-13T22:26:29+07:00] unstr      <good>   polled → unstructured_events.csv
[2026-06-13T22:26:39+07:00] pg         <good>   polled → pg_events.csv
[2026-06-13T22:26:40+07:00] mongo      <good>   polled → mongo_events.csv
[2026-06-13T22:26:40+07:00] unstr      <good>   polled → unstructured_events.csv
[2026-06-13T22:26:47+0700] main       <info>   ──────────────────────────────────────────────────────
[2026-06-13T22:26:48+0700] main       <info>   Cycle #15 starting
[2026-06-13T22:26:48+07:00] main       <info>   starting cycle=20260613_222648 at=2026-06-13T22:26:48.097605+07:00
[2026-06-13T22:26:48+07:00] main       <info>   output_root=/home/primary/data/backup-cycles
[2026-06-13T22:26:48+07:00] main       <info>   staging_root=/home/primary/data/backup-staging
[2026-06-13T22:26:48+07:00] main       <info>   state_db=/home/primary/data/backup-metadata/pfc_index.db
[2026-06-13T22:26:48+07:00] main       <info>   retention max_cycles=30 max_bytes=50.00 GiB cycle_cap=10.00 GiB
[2026-06-13T22:26:48+07:00] main       <info>   chain_version=chain-v3 versioned_cycles_root=/home/primary/data/backup-cycles/chain-v3
[2026-06-13T22:26:48+07:00] main       <info>   last_cycle_ts=1781364106 (2026-06-13T22:21:46+07:00)
[2026-06-13T22:26:50+07:00] pg         <good>   polled → pg_events.csv
[2026-06-13T22:26:51+07:00] mongo      <good>   oplog compressed raw=544.19 KiB stored=31.25 KiB ratio=0.057 elapsed=0.01s
[2026-06-13T22:26:51+07:00] fixtures   <good>   seeded target=/home/primary/data/unstructured/fixtures copied=0 skipped=25 bytes=0 elapsed=0.00s
[2026-06-13T22:26:51+07:00] mongo      <good>   polled → mongo_events.csv
[2026-06-13T22:26:51+07:00] unstr      <good>   polled → unstructured_events.csv
[2026-06-13T22:26:52+07:00] main       <info>   staging_size=40.78 MiB checked_in=0.00s
[2026-06-13T22:26:52+07:00] main       <good>   wrote checksums=/home/primary/data/backup-staging/cycle_20260613_222648.tmp/checksums.sha256
[2026-06-13T22:26:52+07:00] main       <good>   finalized dir elapsed=0.00s
[2026-06-13T22:26:52+07:00] verify     <good>   ok elapsed=0.08s
[2026-06-13T22:26:52+07:00] pg         <info>   state pg_last_wal_fname=000000010000000000000009
[2026-06-13T22:26:52+07:00] main       <info>   retention elapsed=0.00s
[2026-06-13T22:26:52+07:00] transfer   <info>   pushing to 1 destination(s) as 'chain-v3/20260613_222648': ['recovery@192.168.10.129:/home/recovery/local-backup/incoming']
[2026-06-13T22:26:54+07:00] transfer   <good>   all 1 destination(s) OK elapsed=1.88s
[2026-06-13T22:26:54+07:00] main       <info>   Deleting local cycle since it was transferred: /home/primary/data/backup-cycles/chain-v3/20260613_222648
[2026-06-13T22:26:54+07:00] main       <info>   cycle_summary: wal_files=3 (32.00 MiB), pfc_chunks=24 (stored=4.65 MiB, raw=13.88 MiB), cycle_stored=0 B chain=chain-v3
[2026-06-13T22:26:54+07:00] main       <good>   completed cycle=20260613_222648 chain=chain-v3 elapsed=6.55s
[2026-06-13T22:26:54+0700] main       <good>   Cycle #15 completed OK
[2026-06-13T22:26:54+0700] main       <info>   Sleeping 5m until next cycle …
[2026-06-13T22:27:01+07:00] pg         <good>   polled → pg_events.csv
[2026-06-13T22:27:02+07:00] mongo      <good>   polled → mongo_events.csv
[2026-06-13T22:27:02+07:00] unstr      <good>   polled → unstructured_events.csv
[2026-06-13T22:27:12+07:00] pg         <good>   polled → pg_events.csv
[2026-06-13T22:27:13+07:00] mongo      <good>   polled → mongo_events.csv
[2026-06-13T22:27:13+07:00] unstr      <good>   polled → unstructured_events.csv
[2026-06-13T22:27:23+07:00] pg         <good>   polled → pg_events.csv
[2026-06-13T22:27:24+07:00] mongo      <good>   polled → mongo_events.csv
[2026-06-13T22:27:24+07:00] unstr      <good>   polled → unstructured_events.csv
[2026-06-13T22:27:34+07:00] pg         <good>   polled → pg_events.csv
[2026-06-13T22:27:35+07:00] mongo      <good>   polled → mongo_events.csv
[2026-06-13T22:27:35+07:00] unstr      <good>   polled → unstructured_events.csv
[2026-06-13T22:27:46+07:00] pg         <good>   polled → pg_events.csv
[2026-06-13T22:27:46+07:00] mongo      <good>   polled → mongo_events.csv
[2026-06-13T22:27:46+07:00] unstr      <good>   polled → unstructured_events.csv
[2026-06-13T22:27:57+07:00] pg         <good>   polled → pg_events.csv
[2026-06-13T22:27:58+07:00] mongo      <good>   polled → mongo_events.csv
[2026-06-13T22:27:58+07:00] unstr      <good>   polled → unstructured_events.csv
[2026-06-13T22:28:08+07:00] pg         <good>   polled → pg_events.csv
[2026-06-13T22:28:09+07:00] mongo      <good>   polled → mongo_events.csv
[2026-06-13T22:28:09+07:00] unstr      <good>   polled → unstructured_events.csv
[2026-06-13T22:28:19+07:00] pg         <good>   polled → pg_events.csv
[2026-06-13T22:28:20+07:00] mongo      <good>   polled → mongo_events.csv
[2026-06-13T22:28:20+07:00] unstr      <good>   polled → unstructured_events.csv
[2026-06-13T22:28:30+07:00] pg         <good>   polled → pg_events.csv
[2026-06-13T22:28:31+07:00] mongo      <good>   polled → mongo_events.csv
[2026-06-13T22:28:31+07:00] unstr      <good>   polled → unstructured_events.csv
[2026-06-13T22:28:41+07:00] pg         <good>   polled → pg_events.csv
[2026-06-13T22:28:42+07:00] mongo      <good>   polled → mongo_events.csv
[2026-06-13T22:28:42+07:00] unstr      <good>   polled → unstructured_events.csv
[2026-06-13T22:28:52+07:00] pg         <good>   polled → pg_events.csv
[2026-06-13T22:28:53+07:00] mongo      <good>   polled → mongo_events.csv
[2026-06-13T22:28:53+07:00] unstr      <good>   polled → unstructured_events.csv
[2026-06-13T22:29:03+07:00] pg         <good>   polled → pg_events.csv
[2026-06-13T22:29:04+07:00] mongo      <good>   polled → mongo_events.csv
[2026-06-13T22:29:04+07:00] unstr      <good>   polled → unstructured_events.csv
[2026-06-13T22:29:14+07:00] pg         <good>   polled → pg_events.csv
[2026-06-13T22:29:15+07:00] mongo      <good>   polled → mongo_events.csv
[2026-06-13T22:29:15+07:00] unstr      <good>   polled → unstructured_events.csv
[2026-06-13T22:29:25+07:00] pg         <good>   polled → pg_events.csv
[2026-06-13T22:29:26+07:00] mongo      <good>   polled → mongo_events.csv
[2026-06-13T22:29:26+07:00] unstr      <good>   polled → unstructured_events.csv
[2026-06-13T22:29:36+07:00] pg         <good>   polled → pg_events.csv
[2026-06-13T22:29:37+07:00] mongo      <good>   polled → mongo_events.csv
[2026-06-13T22:29:37+07:00] unstr      <good>   polled → unstructured_events.csv
[2026-06-13T22:29:47+07:00] pg         <good>   polled → pg_events.csv
[2026-06-13T22:29:48+07:00] mongo      <good>   polled → mongo_events.csv
[2026-06-13T22:29:48+07:00] unstr      <good>   polled → unstructured_events.csv
[2026-06-13T22:29:58+07:00] pg         <good>   polled → pg_events.csv
[2026-06-13T22:29:59+07:00] mongo      <good>   polled → mongo_events.csv
[2026-06-13T22:29:59+07:00] unstr      <good>   polled → unstructured_events.csv
[2026-06-13T22:30:09+07:00] pg         <good>   polled → pg_events.csv
[2026-06-13T22:30:10+07:00] mongo      <good>   polled → mongo_events.csv
[2026-06-13T22:30:10+07:00] unstr      <good>   polled → unstructured_events.csv
[2026-06-13T22:30:20+07:00] pg         <good>   polled → pg_events.csv
[2026-06-13T22:30:21+07:00] mongo      <good>   polled → mongo_events.csv
[2026-06-13T22:30:21+07:00] unstr      <good>   polled → unstructured_events.csv
[2026-06-13T22:30:31+07:00] pg         <good>   polled → pg_events.csv
[2026-06-13T22:30:32+07:00] mongo      <good>   polled → mongo_events.csv
[2026-06-13T22:30:32+07:00] unstr      <good>   polled → unstructured_events.csv
[2026-06-13T22:30:42+07:00] pg         <good>   polled → pg_events.csv
[2026-06-13T22:30:43+07:00] mongo      <good>   polled → mongo_events.csv
[2026-06-13T22:30:43+07:00] unstr      <good>   polled → unstructured_events.csv
[2026-06-13T22:30:53+07:00] pg         <good>   polled → pg_events.csv
[2026-06-13T22:30:54+07:00] mongo      <good>   polled → mongo_events.csv
[2026-06-13T22:30:54+07:00] unstr      <good>   polled → unstructured_events.csv
[2026-06-13T22:31:04+07:00] pg         <good>   polled → pg_events.csv
[2026-06-13T22:31:05+07:00] mongo      <good>   polled → mongo_events.csv
[2026-06-13T22:31:05+07:00] unstr      <good>   polled → unstructured_events.csv
[2026-06-13T22:31:15+07:00] pg         <good>   polled → pg_events.csv
[2026-06-13T22:31:16+07:00] mongo      <good>   polled → mongo_events.csv
[2026-06-13T22:31:16+07:00] unstr      <good>   polled → unstructured_events.csv
[2026-06-13T22:31:26+07:00] pg         <good>   polled → pg_events.csv
[2026-06-13T22:31:27+07:00] mongo      <good>   polled → mongo_events.csv
[2026-06-13T22:31:27+07:00] unstr      <good>   polled → unstructured_events.csv
[2026-06-13T22:31:37+07:00] pg         <good>   polled → pg_events.csv
[2026-06-13T22:31:38+07:00] mongo      <good>   polled → mongo_events.csv
[2026-06-13T22:31:38+07:00] unstr      <good>   polled → unstructured_events.csv
[2026-06-13T22:31:48+07:00] pg         <good>   polled → pg_events.csv
[2026-06-13T22:31:50+07:00] mongo      <good>   polled → mongo_events.csv
[2026-06-13T22:31:50+07:00] unstr      <good>   polled → unstructured_events.csv
[2026-06-13T22:31:54+0700] main       <info>   ──────────────────────────────────────────────────────
[2026-06-13T22:31:54+0700] main       <info>   Cycle #16 starting
[2026-06-13T22:31:54+07:00] main       <info>   starting cycle=20260613_223154 at=2026-06-13T22:31:54.848490+07:00
[2026-06-13T22:31:54+07:00] main       <info>   output_root=/home/primary/data/backup-cycles
[2026-06-13T22:31:54+07:00] main       <info>   staging_root=/home/primary/data/backup-staging
[2026-06-13T22:31:54+07:00] main       <info>   state_db=/home/primary/data/backup-metadata/pfc_index.db
[2026-06-13T22:31:54+07:00] main       <info>   retention max_cycles=30 max_bytes=50.00 GiB cycle_cap=10.00 GiB
[2026-06-13T22:31:54+07:00] main       <info>   chain_version=chain-v3 versioned_cycles_root=/home/primary/data/backup-cycles/chain-v3
[2026-06-13T22:31:54+07:00] main       <info>   last_cycle_ts=1781364412 (2026-06-13T22:26:52+07:00)
[2026-06-13T22:31:56+07:00] mongo      <good>   oplog compressed raw=481.77 KiB stored=28.06 KiB ratio=0.058 elapsed=0.01s
[2026-06-13T22:31:56+07:00] fixtures   <good>   seeded target=/home/primary/data/unstructured/fixtures copied=0 skipped=25 bytes=0 elapsed=0.00s
[2026-06-13T22:31:57+07:00] main       <info>   staging_size=19.86 MiB checked_in=0.00s
[2026-06-13T22:31:57+07:00] main       <good>   wrote checksums=/home/primary/data/backup-staging/cycle_20260613_223154.tmp/checksums.sha256
[2026-06-13T22:31:57+07:00] main       <good>   finalized dir elapsed=0.00s
[2026-06-13T22:31:57+07:00] verify     <good>   ok elapsed=0.09s
[2026-06-13T22:31:57+07:00] pg         <info>   state pg_last_wal_fname=00000001000000000000000A
[2026-06-13T22:31:57+07:00] main       <info>   retention elapsed=0.00s
[2026-06-13T22:31:57+07:00] transfer   <info>   pushing to 1 destination(s) as 'chain-v3/20260613_223154': ['recovery@192.168.10.129:/home/recovery/local-backup/incoming']
[2026-06-13T22:31:59+07:00] transfer   <good>   all 1 destination(s) OK elapsed=1.83s
[2026-06-13T22:31:59+07:00] main       <info>   Deleting local cycle since it was transferred: /home/primary/data/backup-cycles/chain-v3/20260613_223154
[2026-06-13T22:31:59+07:00] main       <info>   cycle_summary: wal_files=1 (16.00 MiB), pfc_chunks=19 (stored=3.83 MiB, raw=11.25 MiB), cycle_stored=0 B chain=chain-v3
[2026-06-13T22:31:59+07:00] main       <good>   completed cycle=20260613_223154 chain=chain-v3 elapsed=4.56s
[2026-06-13T22:31:59+0700] main       <good>   Cycle #16 completed OK
[2026-06-13T22:31:59+0700] main       <info>   Sleeping 5m until next cycle …
[2026-06-13T22:32:00+07:00] pg         <good>   polled → pg_events.csv
[2026-06-13T22:32:01+07:00] mongo      <good>   polled → mongo_events.csv
[2026-06-13T22:32:01+07:00] unstr      <good>   polled → unstructured_events.csv
[2026-06-13T22:32:11+07:00] pg         <good>   polled → pg_events.csv
[2026-06-13T22:32:12+07:00] mongo      <good>   polled → mongo_events.csv
[2026-06-13T22:32:12+07:00] unstr      <good>   polled → unstructured_events.csv
[2026-06-13T22:32:22+07:00] pg         <good>   polled → pg_events.csv
[2026-06-13T22:32:23+07:00] mongo      <good>   polled → mongo_events.csv
[2026-06-13T22:32:23+07:00] unstr      <good>   polled → unstructured_events.csv
[2026-06-13T22:32:33+07:00] pg         <good>   polled → pg_events.csv
[2026-06-13T22:32:34+07:00] mongo      <good>   polled → mongo_events.csv
[2026-06-13T22:32:34+07:00] unstr      <good>   polled → unstructured_events.csv
[2026-06-13T22:32:44+07:00] pg         <good>   polled → pg_events.csv
[2026-06-13T22:32:45+07:00] mongo      <good>   polled → mongo_events.csv
[2026-06-13T22:32:45+07:00] unstr      <good>   polled → unstructured_events.csv
[2026-06-13T22:32:55+07:00] pg         <good>   polled → pg_events.csv
[2026-06-13T22:32:56+07:00] mongo      <good>   polled → mongo_events.csv
[2026-06-13T22:32:56+07:00] unstr      <good>   polled → unstructured_events.csv
[2026-06-13T22:33:06+07:00] pg         <good>   polled → pg_events.csv
[2026-06-13T22:33:07+07:00] mongo      <good>   polled → mongo_events.csv
[2026-06-13T22:33:07+07:00] unstr      <good>   polled → unstructured_events.csv
[2026-06-13T22:33:17+07:00] pg         <good>   polled → pg_events.csv
[2026-06-13T22:33:18+07:00] mongo      <good>   polled → mongo_events.csv
[2026-06-13T22:33:18+07:00] unstr      <good>   polled → unstructured_events.csv
[2026-06-13T22:33:28+07:00] pg         <good>   polled → pg_events.csv
[2026-06-13T22:33:29+07:00] mongo      <good>   polled → mongo_events.csv
[2026-06-13T22:33:29+07:00] unstr      <good>   polled → unstructured_events.csv
[2026-06-13T22:33:39+07:00] pg         <good>   polled → pg_events.csv
[2026-06-13T22:33:40+07:00] mongo      <good>   polled → mongo_events.csv
[2026-06-13T22:33:40+07:00] unstr      <good>   polled → unstructured_events.csv
[2026-06-13T22:33:50+07:00] pg         <good>   polled → pg_events.csv
[2026-06-13T22:33:51+07:00] mongo      <good>   polled → mongo_events.csv
[2026-06-13T22:33:51+07:00] unstr      <good>   polled → unstructured_events.csv
[2026-06-13T22:34:01+07:00] pg         <good>   polled → pg_events.csv
[2026-06-13T22:34:02+07:00] mongo      <good>   polled → mongo_events.csv
[2026-06-13T22:34:02+07:00] unstr      <good>   polled → unstructured_events.csv
[2026-06-13T22:34:12+07:00] pg         <good>   polled → pg_events.csv
[2026-06-13T22:34:13+07:00] mongo      <good>   polled → mongo_events.csv
[2026-06-13T22:34:13+07:00] unstr      <good>   polled → unstructured_events.csv
[2026-06-13T22:34:23+07:00] pg         <good>   polled → pg_events.csv
[2026-06-13T22:34:24+07:00] mongo      <good>   polled → mongo_events.csv
[2026-06-13T22:34:24+07:00] unstr      <good>   polled → unstructured_events.csv
[2026-06-13T22:34:34+07:00] pg         <good>   polled → pg_events.csv
[2026-06-13T22:34:35+07:00] mongo      <good>   polled → mongo_events.csv
[2026-06-13T22:34:35+07:00] unstr      <good>   polled → unstructured_events.csv
[2026-06-13T22:34:45+07:00] pg         <good>   polled → pg_events.csv
[2026-06-13T22:34:46+07:00] mongo      <good>   polled → mongo_events.csv
[2026-06-13T22:34:46+07:00] unstr      <good>   polled → unstructured_events.csv
[2026-06-13T22:34:56+07:00] pg         <good>   polled → pg_events.csv
[2026-06-13T22:34:57+07:00] mongo      <good>   polled → mongo_events.csv
[2026-06-13T22:34:57+07:00] unstr      <good>   polled → unstructured_events.csv
[2026-06-13T22:35:07+07:00] pg         <good>   polled → pg_events.csv
[2026-06-13T22:35:08+07:00] mongo      <good>   polled → mongo_events.csv
[2026-06-13T22:35:08+07:00] unstr      <good>   polled → unstructured_events.csv
[2026-06-13T22:35:18+07:00] pg         <good>   polled → pg_events.csv
[2026-06-13T22:35:19+07:00] mongo      <good>   polled → mongo_events.csv
[2026-06-13T22:35:19+07:00] unstr      <good>   polled → unstructured_events.csv
[2026-06-13T22:35:29+07:00] pg         <good>   polled → pg_events.csv
[2026-06-13T22:35:30+07:00] mongo      <good>   polled → mongo_events.csv
[2026-06-13T22:35:30+07:00] unstr      <good>   polled → unstructured_events.csv
[2026-06-13T22:35:40+07:00] pg         <good>   polled → pg_events.csv
[2026-06-13T22:35:41+07:00] mongo      <good>   polled → mongo_events.csv
[2026-06-13T22:35:41+07:00] unstr      <good>   polled → unstructured_events.csv
[2026-06-13T22:35:51+07:00] pg         <good>   polled → pg_events.csv
[2026-06-13T22:35:52+07:00] mongo      <good>   polled → mongo_events.csv
[2026-06-13T22:35:52+07:00] unstr      <good>   polled → unstructured_events.csv
[2026-06-13T22:36:02+07:00] pg         <good>   polled → pg_events.csv
[2026-06-13T22:36:03+07:00] mongo      <good>   polled → mongo_events.csv
[2026-06-13T22:36:03+07:00] unstr      <good>   polled → unstructured_events.csv
[2026-06-13T22:36:13+07:00] pg         <good>   polled → pg_events.csv
[2026-06-13T22:36:14+07:00] mongo      <good>   polled → mongo_events.csv
[2026-06-13T22:36:14+07:00] unstr      <good>   polled → unstructured_events.csv
[2026-06-13T22:36:24+07:00] pg         <good>   polled → pg_events.csv
[2026-06-13T22:36:25+07:00] mongo      <good>   polled → mongo_events.csv
[2026-06-13T22:36:25+07:00] unstr      <good>   polled → unstructured_events.csv
[2026-06-13T22:36:35+07:00] pg         <good>   polled → pg_events.csv
[2026-06-13T22:36:36+07:00] mongo      <good>   polled → mongo_events.csv
[2026-06-13T22:36:36+07:00] unstr      <good>   polled → unstructured_events.csv
[2026-06-13T22:36:46+07:00] pg         <good>   polled → pg_events.csv
[2026-06-13T22:36:48+07:00] mongo      <good>   polled → mongo_events.csv
[2026-06-13T22:36:48+07:00] unstr      <good>   polled → unstructured_events.csv
[2026-06-13T22:36:58+07:00] pg         <good>   polled → pg_events.csv
[2026-06-13T22:36:59+07:00] mongo      <good>   polled → mongo_events.csv
[2026-06-13T22:36:59+07:00] unstr      <good>   polled → unstructured_events.csv
[2026-06-13T22:36:59+0700] main       <info>   ──────────────────────────────────────────────────────
[2026-06-13T22:36:59+0700] main       <info>   Cycle #17 starting
[2026-06-13T22:36:59+07:00] main       <info>   starting cycle=20260613_223659 at=2026-06-13T22:36:59.580736+07:00
[2026-06-13T22:36:59+07:00] main       <info>   output_root=/home/primary/data/backup-cycles
[2026-06-13T22:36:59+07:00] main       <info>   staging_root=/home/primary/data/backup-staging
[2026-06-13T22:36:59+07:00] main       <info>   state_db=/home/primary/data/backup-metadata/pfc_index.db
[2026-06-13T22:36:59+07:00] main       <info>   retention max_cycles=30 max_bytes=50.00 GiB cycle_cap=10.00 GiB
[2026-06-13T22:36:59+07:00] main       <info>   chain_version=chain-v3 versioned_cycles_root=/home/primary/data/backup-cycles/chain-v3
[2026-06-13T22:36:59+07:00] main       <info>   last_cycle_ts=1781364717 (2026-06-13T22:31:57+07:00)
[2026-06-13T22:36:59+07:00] pg         <info>   no new WAL files
[2026-06-13T22:37:00+07:00] mongo      <good>   oplog compressed raw=493.56 KiB stored=28.91 KiB ratio=0.059 elapsed=0.01s
[2026-06-13T22:37:00+07:00] fixtures   <good>   seeded target=/home/primary/data/unstructured/fixtures copied=0 skipped=25 bytes=0 elapsed=0.00s
[2026-06-13T22:37:02+07:00] main       <info>   staging_size=8.98 MiB checked_in=0.00s
[2026-06-13T22:37:02+07:00] main       <good>   wrote checksums=/home/primary/data/backup-staging/cycle_20260613_223659.tmp/checksums.sha256
[2026-06-13T22:37:02+07:00] main       <good>   finalized dir elapsed=0.00s
[2026-06-13T22:37:02+07:00] verify     <good>   ok elapsed=0.03s
[2026-06-13T22:37:02+07:00] main       <info>   retention elapsed=0.00s
[2026-06-13T22:37:02+07:00] transfer   <info>   pushing to 1 destination(s) as 'chain-v3/20260613_223659': ['recovery@192.168.10.129:/home/recovery/local-backup/incoming']
[2026-06-13T22:37:04+07:00] transfer   <good>   all 1 destination(s) OK elapsed=1.63s
[2026-06-13T22:37:04+07:00] main       <info>   Deleting local cycle since it was transferred: /home/primary/data/backup-cycles/chain-v3/20260613_223659
[2026-06-13T22:37:04+07:00] main       <info>   cycle_summary: wal_files=0 (0 B), pfc_chunks=56 (stored=8.95 MiB, raw=44.25 MiB), cycle_stored=0 B chain=chain-v3
[2026-06-13T22:37:04+07:00] main       <good>   completed cycle=20260613_223659 chain=chain-v3 elapsed=4.67s
[2026-06-13T22:37:04+0700] main       <good>   Cycle #17 completed OK
[2026-06-13T22:37:04+0700] main       <info>   Sleeping 5m until next cycle …
[2026-06-13T22:37:09+07:00] pg         <good>   polled → pg_events.csv
[2026-06-13T22:37:10+07:00] mongo      <good>   polled → mongo_events.csv
[2026-06-13T22:37:10+07:00] unstr      <good>   polled → unstructured_events.csv
[2026-06-13T22:37:20+07:00] pg         <good>   polled → pg_events.csv
[2026-06-13T22:37:22+07:00] mongo      <good>   polled → mongo_events.csv
[2026-06-13T22:37:22+07:00] unstr      <good>   polled → unstructured_events.csv
[2026-06-13T22:37:32+07:00] pg         <good>   polled → pg_events.csv
[2026-06-13T22:37:32+07:00] mongo      <good>   polled → mongo_events.csv
[2026-06-13T22:37:32+07:00] unstr      <good>   polled → unstructured_events.csv
[2026-06-13T22:37:43+07:00] pg         <good>   polled → pg_events.csv
[2026-06-13T22:37:43+07:00] mongo      <good>   polled → mongo_events.csv
[2026-06-13T22:37:43+07:00] unstr      <good>   polled → unstructured_events.csv
[2026-06-13T22:37:53+07:00] pg         <good>   polled → pg_events.csv
[2026-06-13T22:37:54+07:00] mongo      <good>   polled → mongo_events.csv
[2026-06-13T22:37:54+07:00] unstr      <good>   polled → unstructured_events.csv
[2026-06-13T22:38:04+07:00] pg         <good>   polled → pg_events.csv
[2026-06-13T22:38:05+07:00] mongo      <good>   polled → mongo_events.csv
[2026-06-13T22:38:05+07:00] unstr      <good>   polled → unstructured_events.csv
[2026-06-13T22:38:16+07:00] pg         <good>   polled → pg_events.csv
[2026-06-13T22:38:17+07:00] mongo      <good>   polled → mongo_events.csv
[2026-06-13T22:38:17+07:00] unstr      <good>   polled → unstructured_events.csv
[2026-06-13T22:38:27+07:00] pg         <good>   polled → pg_events.csv
[2026-06-13T22:38:28+07:00] mongo      <good>   polled → mongo_events.csv
[2026-06-13T22:38:28+07:00] unstr      <good>   polled → unstructured_events.csv
[2026-06-13T22:38:38+07:00] pg         <good>   polled → pg_events.csv
[2026-06-13T22:38:39+07:00] mongo      <good>   polled → mongo_events.csv
[2026-06-13T22:38:39+07:00] unstr      <good>   polled → unstructured_events.csv
[2026-06-13T22:38:49+07:00] pg         <good>   polled → pg_events.csv
[2026-06-13T22:38:50+07:00] mongo      <good>   polled → mongo_events.csv
[2026-06-13T22:38:50+07:00] unstr      <good>   polled → unstructured_events.csv
[2026-06-13T22:39:00+07:00] pg         <good>   polled → pg_events.csv
[2026-06-13T22:39:01+07:00] mongo      <good>   polled → mongo_events.csv
[2026-06-13T22:39:01+07:00] unstr      <good>   polled → unstructured_events.csv
[2026-06-13T22:39:11+07:00] pg         <good>   polled → pg_events.csv
[2026-06-13T22:39:12+07:00] mongo      <good>   polled → mongo_events.csv
[2026-06-13T22:39:12+07:00] unstr      <good>   polled → unstructured_events.csv
[2026-06-13T22:39:22+07:00] pg         <good>   polled → pg_events.csv
[2026-06-13T22:39:23+07:00] mongo      <good>   polled → mongo_events.csv
[2026-06-13T22:39:23+07:00] unstr      <good>   polled → unstructured_events.csv
[2026-06-13T22:39:33+07:00] pg         <good>   polled → pg_events.csv
[2026-06-13T22:39:35+07:00] mongo      <good>   polled → mongo_events.csv
[2026-06-13T22:39:35+07:00] unstr      <good>   polled → unstructured_events.csv
[2026-06-13T22:39:45+07:00] pg         <good>   polled → pg_events.csv
[2026-06-13T22:39:46+07:00] mongo      <good>   polled → mongo_events.csv
[2026-06-13T22:39:46+07:00] unstr      <good>   polled → unstructured_events.csv
[2026-06-13T22:39:56+07:00] pg         <good>   polled → pg_events.csv
[2026-06-13T22:39:57+07:00] mongo      <good>   polled → mongo_events.csv
[2026-06-13T22:39:57+07:00] unstr      <good>   polled → unstructured_events.csv
[2026-06-13T22:40:07+07:00] pg         <good>   polled → pg_events.csv
[2026-06-13T22:40:08+07:00] mongo      <good>   polled → mongo_events.csv
[2026-06-13T22:40:08+07:00] unstr      <good>   polled → unstructured_events.csv
[2026-06-13T22:40:18+07:00] pg         <good>   polled → pg_events.csv
[2026-06-13T22:40:19+07:00] mongo      <good>   polled → mongo_events.csv
[2026-06-13T22:40:19+07:00] unstr      <good>   polled → unstructured_events.csv
[2026-06-13T22:40:29+07:00] pg         <good>   polled → pg_events.csv
[2026-06-13T22:40:30+07:00] mongo      <good>   polled → mongo_events.csv
[2026-06-13T22:40:30+07:00] unstr      <good>   polled → unstructured_events.csv
[2026-06-13T22:40:40+07:00] pg         <good>   polled → pg_events.csv
[2026-06-13T22:40:41+07:00] mongo      <good>   polled → mongo_events.csv
[2026-06-13T22:40:41+07:00] unstr      <good>   polled → unstructured_events.csv
[2026-06-13T22:40:51+07:00] pg         <good>   polled → pg_events.csv
[2026-06-13T22:40:52+07:00] mongo      <good>   polled → mongo_events.csv
[2026-06-13T22:40:52+07:00] unstr      <good>   polled → unstructured_events.csv
[2026-06-13T22:41:02+07:00] pg         <good>   polled → pg_events.csv
[2026-06-13T22:41:03+07:00] mongo      <good>   polled → mongo_events.csv
[2026-06-13T22:41:03+07:00] unstr      <good>   polled → unstructured_events.csv
[2026-06-13T22:41:13+07:00] pg         <good>   polled → pg_events.csv
[2026-06-13T22:41:14+07:00] mongo      <good>   polled → mongo_events.csv
[2026-06-13T22:41:14+07:00] unstr      <good>   polled → unstructured_events.csv
[2026-06-13T22:41:24+07:00] pg         <good>   polled → pg_events.csv
[2026-06-13T22:41:25+07:00] mongo      <good>   polled → mongo_events.csv
[2026-06-13T22:41:25+07:00] unstr      <good>   polled → unstructured_events.csv
[2026-06-13T22:41:35+07:00] pg         <good>   polled → pg_events.csv
[2026-06-13T22:41:36+07:00] mongo      <good>   polled → mongo_events.csv
[2026-06-13T22:41:36+07:00] unstr      <good>   polled → unstructured_events.csv
[2026-06-13T22:41:46+07:00] pg         <good>   polled → pg_events.csv
[2026-06-13T22:41:47+07:00] mongo      <good>   polled → mongo_events.csv
[2026-06-13T22:41:47+07:00] unstr      <good>   polled → unstructured_events.csv
[2026-06-13T22:41:57+07:00] pg         <good>   polled → pg_events.csv
[2026-06-13T22:41:58+07:00] mongo      <good>   polled → mongo_events.csv
[2026-06-13T22:41:58+07:00] unstr      <good>   polled → unstructured_events.csv
[2026-06-13T22:42:04+0700] main       <info>   ──────────────────────────────────────────────────────
[2026-06-13T22:42:04+0700] main       <info>   Cycle #18 starting
[2026-06-13T22:42:04+07:00] main       <info>   starting cycle=20260613_224204 at=2026-06-13T22:42:04.426112+07:00
[2026-06-13T22:42:04+07:00] main       <info>   output_root=/home/primary/data/backup-cycles
[2026-06-13T22:42:04+07:00] main       <info>   staging_root=/home/primary/data/backup-staging
[2026-06-13T22:42:04+07:00] main       <info>   state_db=/home/primary/data/backup-metadata/pfc_index.db
[2026-06-13T22:42:04+07:00] main       <info>   retention max_cycles=30 max_bytes=50.00 GiB cycle_cap=10.00 GiB
[2026-06-13T22:42:04+07:00] main       <info>   chain_version=chain-v3 versioned_cycles_root=/home/primary/data/backup-cycles/chain-v3
[2026-06-13T22:42:04+07:00] main       <info>   last_cycle_ts=1781365022 (2026-06-13T22:37:02+07:00)
[2026-06-13T22:42:04+07:00] pg         <info>   no new WAL files
[2026-06-13T22:42:05+07:00] mongo      <good>   oplog compressed raw=505.80 KiB stored=29.51 KiB ratio=0.058 elapsed=0.01s
[2026-06-13T22:42:05+07:00] fixtures   <good>   seeded target=/home/primary/data/unstructured/fixtures copied=0 skipped=25 bytes=0 elapsed=0.00s
[2026-06-13T22:42:06+07:00] main       <info>   staging_size=2.62 MiB checked_in=0.00s
[2026-06-13T22:42:06+07:00] main       <good>   wrote checksums=/home/primary/data/backup-staging/cycle_20260613_224204.tmp/checksums.sha256
[2026-06-13T22:42:06+07:00] main       <good>   finalized dir elapsed=0.00s
[2026-06-13T22:42:06+07:00] verify     <good>   ok elapsed=0.01s
[2026-06-13T22:42:06+07:00] main       <info>   retention elapsed=0.00s
[2026-06-13T22:42:06+07:00] transfer   <info>   pushing to 1 destination(s) as 'chain-v3/20260613_224204': ['recovery@192.168.10.129:/home/recovery/local-backup/incoming']
[2026-06-13T22:42:08+07:00] transfer   <good>   all 1 destination(s) OK elapsed=1.36s
[2026-06-13T22:42:08+07:00] main       <info>   Deleting local cycle since it was transferred: /home/primary/data/backup-cycles/chain-v3/20260613_224204
[2026-06-13T22:42:08+07:00] main       <info>   cycle_summary: wal_files=0 (0 B), pfc_chunks=17 (stored=2.59 MiB, raw=7.93 MiB), cycle_stored=0 B chain=chain-v3
[2026-06-13T22:42:08+07:00] main       <good>   completed cycle=20260613_224204 chain=chain-v3 elapsed=3.67s
[2026-06-13T22:42:08+0700] main       <good>   Cycle #18 completed OK
[2026-06-13T22:42:08+0700] main       <info>   Sleeping 5m until next cycle …
[2026-06-13T22:42:08+07:00] pg         <good>   polled → pg_events.csv
[2026-06-13T22:42:09+07:00] mongo      <good>   polled → mongo_events.csv
[2026-06-13T22:42:09+07:00] unstr      <good>   polled → unstructured_events.csv
[2026-06-13T22:42:19+07:00] pg         <good>   polled → pg_events.csv
[2026-06-13T22:42:20+07:00] mongo      <good>   polled → mongo_events.csv
[2026-06-13T22:42:20+07:00] unstr      <good>   polled → unstructured_events.csv
[2026-06-13T22:42:30+07:00] pg         <good>   polled → pg_events.csv
[2026-06-13T22:42:31+07:00] mongo      <good>   polled → mongo_events.csv
[2026-06-13T22:42:31+07:00] unstr      <good>   polled → unstructured_events.csv
[2026-06-13T22:42:41+07:00] pg         <good>   polled → pg_events.csv
[2026-06-13T22:42:42+07:00] mongo      <good>   polled → mongo_events.csv
[2026-06-13T22:42:42+07:00] unstr      <good>   polled → unstructured_events.csv
[2026-06-13T22:42:52+07:00] pg         <good>   polled → pg_events.csv
[2026-06-13T22:42:53+07:00] mongo      <good>   polled → mongo_events.csv
[2026-06-13T22:42:53+07:00] unstr      <good>   polled → unstructured_events.csv
[2026-06-13T22:43:03+07:00] pg         <good>   polled → pg_events.csv
[2026-06-13T22:43:04+07:00] mongo      <good>   polled → mongo_events.csv
[2026-06-13T22:43:04+07:00] unstr      <good>   polled → unstructured_events.csv
[2026-06-13T22:43:14+07:00] pg         <good>   polled → pg_events.csv
[2026-06-13T22:43:15+07:00] mongo      <good>   polled → mongo_events.csv
[2026-06-13T22:43:15+07:00] unstr      <good>   polled → unstructured_events.csv
[2026-06-13T22:43:25+07:00] pg         <good>   polled → pg_events.csv
[2026-06-13T22:43:26+07:00] mongo      <good>   polled → mongo_events.csv
[2026-06-13T22:43:26+07:00] unstr      <good>   polled → unstructured_events.csv
[2026-06-13T22:43:36+07:00] pg         <good>   polled → pg_events.csv
[2026-06-13T22:43:37+07:00] mongo      <good>   polled → mongo_events.csv
[2026-06-13T22:43:37+07:00] unstr      <good>   polled → unstructured_events.csv
[2026-06-13T22:43:47+07:00] pg         <good>   polled → pg_events.csv
[2026-06-13T22:43:48+07:00] mongo      <good>   polled → mongo_events.csv
[2026-06-13T22:43:48+07:00] unstr      <good>   polled → unstructured_events.csv
[2026-06-13T22:43:58+07:00] pg         <good>   polled → pg_events.csv
[2026-06-13T22:44:00+07:00] mongo      <good>   polled → mongo_events.csv
[2026-06-13T22:44:00+07:00] unstr      <good>   polled → unstructured_events.csv
[2026-06-13T22:44:10+07:00] pg         <good>   polled → pg_events.csv
[2026-06-13T22:44:11+07:00] mongo      <good>   polled → mongo_events.csv
[2026-06-13T22:44:11+07:00] unstr      <good>   polled → unstructured_events.csv
[2026-06-13T22:44:21+07:00] pg         <good>   polled → pg_events.csv
[2026-06-13T22:44:21+07:00] mongo      <good>   polled → mongo_events.csv
[2026-06-13T22:44:21+07:00] unstr      <good>   polled → unstructured_events.csv
[2026-06-13T22:44:32+07:00] pg         <good>   polled → pg_events.csv
[2026-06-13T22:44:32+07:00] mongo      <good>   polled → mongo_events.csv
[2026-06-13T22:44:32+07:00] unstr      <good>   polled → unstructured_events.csv
[2026-06-13T22:44:43+07:00] pg         <good>   polled → pg_events.csv
[2026-06-13T22:44:43+07:00] mongo      <good>   polled → mongo_events.csv
[2026-06-13T22:44:43+07:00] unstr      <good>   polled → unstructured_events.csv
[2026-06-13T22:44:54+07:00] pg         <good>   polled → pg_events.csv
[2026-06-13T22:44:54+07:00] mongo      <good>   polled → mongo_events.csv
[2026-06-13T22:44:54+07:00] unstr      <good>   polled → unstructured_events.csv
[2026-06-13T22:45:04+07:00] pg         <good>   polled → pg_events.csv
[2026-06-13T22:45:05+07:00] mongo      <good>   polled → mongo_events.csv
[2026-06-13T22:45:05+07:00] unstr      <good>   polled → unstructured_events.csv
[2026-06-13T22:45:15+07:00] pg         <good>   polled → pg_events.csv
[2026-06-13T22:45:16+07:00] mongo      <good>   polled → mongo_events.csv
[2026-06-13T22:45:16+07:00] unstr      <good>   polled → unstructured_events.csv
[2026-06-13T22:45:26+07:00] pg         <good>   polled → pg_events.csv
[2026-06-13T22:45:27+07:00] mongo      <good>   polled → mongo_events.csv
[2026-06-13T22:45:27+07:00] unstr      <good>   polled → unstructured_events.csv
[2026-06-13T22:45:37+07:00] pg         <good>   polled → pg_events.csv
[2026-06-13T22:45:38+07:00] mongo      <good>   polled → mongo_events.csv
[2026-06-13T22:45:38+07:00] unstr      <good>   polled → unstructured_events.csv
[2026-06-13T22:45:49+07:00] pg         <good>   polled → pg_events.csv
[2026-06-13T22:45:49+07:00] mongo      <good>   polled → mongo_events.csv
[2026-06-13T22:45:49+07:00] unstr      <good>   polled → unstructured_events.csv
[2026-06-13T22:46:00+07:00] pg         <good>   polled → pg_events.csv
[2026-06-13T22:46:00+07:00] mongo      <good>   polled → mongo_events.csv
[2026-06-13T22:46:00+07:00] unstr      <good>   polled → unstructured_events.csv
[2026-06-13T22:46:10+07:00] pg         <good>   polled → pg_events.csv
[2026-06-13T22:46:11+07:00] mongo      <good>   polled → mongo_events.csv
[2026-06-13T22:46:11+07:00] unstr      <good>   polled → unstructured_events.csv
[2026-06-13T22:46:21+07:00] pg         <good>   polled → pg_events.csv
[2026-06-13T22:46:22+07:00] mongo      <good>   polled → mongo_events.csv
[2026-06-13T22:46:22+07:00] unstr      <good>   polled → unstructured_events.csv
[2026-06-13T22:46:32+07:00] pg         <good>   polled → pg_events.csv
[2026-06-13T22:46:33+07:00] mongo      <good>   polled → mongo_events.csv
[2026-06-13T22:46:33+07:00] unstr      <good>   polled → unstructured_events.csv
[2026-06-13T22:46:43+07:00] pg         <good>   polled → pg_events.csv
[2026-06-13T22:46:44+07:00] mongo      <good>   polled → mongo_events.csv
[2026-06-13T22:46:44+07:00] unstr      <good>   polled → unstructured_events.csv
[2026-06-13T22:46:54+07:00] pg         <good>   polled → pg_events.csv
[2026-06-13T22:46:55+07:00] mongo      <good>   polled → mongo_events.csv
[2026-06-13T22:46:55+07:00] unstr      <good>   polled → unstructured_events.csv
[2026-06-13T22:47:05+07:00] pg         <good>   polled → pg_events.csv
[2026-06-13T22:47:06+07:00] mongo      <good>   polled → mongo_events.csv
[2026-06-13T22:47:06+07:00] unstr      <good>   polled → unstructured_events.csv
[2026-06-13T22:47:08+0700] main       <info>   ──────────────────────────────────────────────────────
[2026-06-13T22:47:08+0700] main       <info>   Cycle #19 starting
[2026-06-13T22:47:08+07:00] main       <info>   starting cycle=20260613_224708 at=2026-06-13T22:47:08.209704+07:00
[2026-06-13T22:47:08+07:00] main       <info>   output_root=/home/primary/data/backup-cycles
[2026-06-13T22:47:08+07:00] main       <info>   staging_root=/home/primary/data/backup-staging
[2026-06-13T22:47:08+07:00] main       <info>   state_db=/home/primary/data/backup-metadata/pfc_index.db
[2026-06-13T22:47:08+07:00] main       <info>   retention max_cycles=30 max_bytes=50.00 GiB cycle_cap=10.00 GiB
[2026-06-13T22:47:08+07:00] main       <info>   chain_version=chain-v3 versioned_cycles_root=/home/primary/data/backup-cycles/chain-v3
[2026-06-13T22:47:08+07:00] main       <info>   last_cycle_ts=1781365326 (2026-06-13T22:42:06+07:00)
[2026-06-13T22:47:08+07:00] pg         <info>   no new WAL files
[2026-06-13T22:47:09+07:00] mongo      <good>   oplog compressed raw=574.05 KiB stored=33.34 KiB ratio=0.058 elapsed=0.01s
[2026-06-13T22:47:09+07:00] fixtures   <good>   seeded target=/home/primary/data/unstructured/fixtures copied=0 skipped=25 bytes=0 elapsed=0.00s
[2026-06-13T22:47:11+07:00] main       <info>   staging_size=13.57 MiB checked_in=0.00s
[2026-06-13T22:47:11+07:00] main       <good>   wrote checksums=/home/primary/data/backup-staging/cycle_20260613_224708.tmp/checksums.sha256
[2026-06-13T22:47:11+07:00] main       <good>   finalized dir elapsed=0.00s
[2026-06-13T22:47:12+07:00] verify     <good>   ok elapsed=0.04s
[2026-06-13T22:47:12+07:00] main       <info>   retention elapsed=0.00s
[2026-06-13T22:47:12+07:00] transfer   <info>   pushing to 1 destination(s) as 'chain-v3/20260613_224708': ['recovery@192.168.10.129:/home/recovery/local-backup/incoming']
[2026-06-13T22:47:13+07:00] transfer   <good>   all 1 destination(s) OK elapsed=1.55s
[2026-06-13T22:47:13+07:00] main       <info>   Deleting local cycle since it was transferred: /home/primary/data/backup-cycles/chain-v3/20260613_224708
[2026-06-13T22:47:13+07:00] main       <info>   cycle_summary: wal_files=0 (0 B), pfc_chunks=88 (stored=13.54 MiB, raw=72.83 MiB), cycle_stored=0 B chain=chain-v3
[2026-06-13T22:47:13+07:00] main       <good>   completed cycle=20260613_224708 chain=chain-v3 elapsed=5.37s
[2026-06-13T22:47:13+0700] main       <good>   Cycle #19 completed OK
[2026-06-13T22:47:13+0700] main       <info>   Sleeping 5m until next cycle …
[2026-06-13T22:47:16+07:00] pg         <good>   polled → pg_events.csv
[2026-06-13T22:47:17+07:00] mongo      <good>   polled → mongo_events.csv
[2026-06-13T22:47:17+07:00] unstr      <good>   polled → unstructured_events.csv
[2026-06-13T22:47:27+07:00] pg         <good>   polled → pg_events.csv
[2026-06-13T22:47:28+07:00] mongo      <good>   polled → mongo_events.csv
[2026-06-13T22:47:28+07:00] unstr      <good>   polled → unstructured_events.csv
[2026-06-13T22:47:38+07:00] pg         <good>   polled → pg_events.csv
[2026-06-13T22:47:39+07:00] mongo      <good>   polled → mongo_events.csv
[2026-06-13T22:47:39+07:00] unstr      <good>   polled → unstructured_events.csv
[2026-06-13T22:47:49+07:00] pg         <good>   polled → pg_events.csv
[2026-06-13T22:47:50+07:00] mongo      <good>   polled → mongo_events.csv
[2026-06-13T22:47:50+07:00] unstr      <good>   polled → unstructured_events.csv
[2026-06-13T22:48:00+07:00] pg         <good>   polled → pg_events.csv
[2026-06-13T22:48:01+07:00] mongo      <good>   polled → mongo_events.csv
[2026-06-13T22:48:01+07:00] unstr      <good>   polled → unstructured_events.csv
[2026-06-13T22:48:11+07:00] pg         <good>   polled → pg_events.csv
[2026-06-13T22:48:12+07:00] mongo      <good>   polled → mongo_events.csv
[2026-06-13T22:48:12+07:00] unstr      <good>   polled → unstructured_events.csv
[2026-06-13T22:48:22+07:00] pg         <good>   polled → pg_events.csv
[2026-06-13T22:48:23+07:00] mongo      <good>   polled → mongo_events.csv
[2026-06-13T22:48:23+07:00] unstr      <good>   polled → unstructured_events.csv
[2026-06-13T22:48:33+07:00] pg         <good>   polled → pg_events.csv
[2026-06-13T22:48:34+07:00] mongo      <good>   polled → mongo_events.csv
[2026-06-13T22:48:34+07:00] unstr      <good>   polled → unstructured_events.csv
[2026-06-13T22:48:44+07:00] pg         <good>   polled → pg_events.csv
[2026-06-13T22:48:45+07:00] mongo      <good>   polled → mongo_events.csv
[2026-06-13T22:48:45+07:00] unstr      <good>   polled → unstructured_events.csv
[2026-06-13T22:48:55+07:00] pg         <good>   polled → pg_events.csv
[2026-06-13T22:48:56+07:00] mongo      <good>   polled → mongo_events.csv
[2026-06-13T22:48:56+07:00] unstr      <good>   polled → unstructured_events.csv
[2026-06-13T22:49:06+07:00] pg         <good>   polled → pg_events.csv
[2026-06-13T22:49:07+07:00] mongo      <good>   polled → mongo_events.csv
[2026-06-13T22:49:07+07:00] unstr      <good>   polled → unstructured_events.csv
[2026-06-13T22:49:17+07:00] pg         <good>   polled → pg_events.csv
[2026-06-13T22:49:18+07:00] mongo      <good>   polled → mongo_events.csv
[2026-06-13T22:49:18+07:00] unstr      <good>   polled → unstructured_events.csv
[2026-06-13T22:49:28+07:00] pg         <good>   polled → pg_events.csv
[2026-06-13T22:49:29+07:00] mongo      <good>   polled → mongo_events.csv
[2026-06-13T22:49:29+07:00] unstr      <good>   polled → unstructured_events.csv
[2026-06-13T22:49:39+07:00] pg         <good>   polled → pg_events.csv
[2026-06-13T22:49:40+07:00] mongo      <good>   polled → mongo_events.csv
[2026-06-13T22:49:40+07:00] unstr      <good>   polled → unstructured_events.csv
[2026-06-13T22:49:50+07:00] pg         <good>   polled → pg_events.csv
[2026-06-13T22:49:51+07:00] mongo      <good>   polled → mongo_events.csv
[2026-06-13T22:49:51+07:00] unstr      <good>   polled → unstructured_events.csv
[2026-06-13T22:50:01+07:00] pg         <good>   polled → pg_events.csv
[2026-06-13T22:50:02+07:00] mongo      <good>   polled → mongo_events.csv
[2026-06-13T22:50:02+07:00] unstr      <good>   polled → unstructured_events.csv
[2026-06-13T22:50:12+07:00] pg         <good>   polled → pg_events.csv
[2026-06-13T22:50:13+07:00] mongo      <good>   polled → mongo_events.csv
[2026-06-13T22:50:13+07:00] unstr      <good>   polled → unstructured_events.csv
[2026-06-13T22:50:23+07:00] pg         <good>   polled → pg_events.csv
[2026-06-13T22:50:24+07:00] mongo      <good>   polled → mongo_events.csv
[2026-06-13T22:50:24+07:00] unstr      <good>   polled → unstructured_events.csv
[2026-06-13T22:50:34+07:00] pg         <good>   polled → pg_events.csv
[2026-06-13T22:50:35+07:00] mongo      <good>   polled → mongo_events.csv
[2026-06-13T22:50:35+07:00] unstr      <good>   polled → unstructured_events.csv
[2026-06-13T22:50:45+07:00] pg         <good>   polled → pg_events.csv
[2026-06-13T22:50:46+07:00] mongo      <good>   polled → mongo_events.csv
[2026-06-13T22:50:46+07:00] unstr      <good>   polled → unstructured_events.csv
[2026-06-13T22:50:56+07:00] pg         <good>   polled → pg_events.csv
[2026-06-13T22:50:57+07:00] mongo      <good>   polled → mongo_events.csv
[2026-06-13T22:50:57+07:00] unstr      <good>   polled → unstructured_events.csv
[2026-06-13T22:51:07+07:00] pg         <good>   polled → pg_events.csv
[2026-06-13T22:51:07+07:00] mongo      <good>   polled → mongo_events.csv
[2026-06-13T22:51:07+07:00] unstr      <good>   polled → unstructured_events.csv
[2026-06-13T22:51:18+07:00] pg         <good>   polled → pg_events.csv
[2026-06-13T22:51:18+07:00] mongo      <good>   polled → mongo_events.csv
[2026-06-13T22:51:18+07:00] unstr      <good>   polled → unstructured_events.csv
[2026-06-13T22:51:24+0700] main       <info>   Received stop signal — backup loop exiting cleanly.
[2026-06-13T22:51:28+07:00] pg         <good>   polled → pg_events.csv
[2026-06-13T22:51:29+07:00] mongo      <good>   polled → mongo_events.csv
[2026-06-13T22:51:29+07:00] unstr      <good>   polled → unstructured_events.csv
[2026-06-13T22:51:39+07:00] pg         <good>   polled → pg_events.csv
[2026-06-13T22:51:40+07:00] mongo      <good>   polled → mongo_events.csv
[2026-06-13T22:51:40+07:00] unstr      <good>   polled → unstructured_events.csv
[2026-06-13T22:51:50+07:00] pg         <good>   polled → pg_events.csv
[2026-06-13T22:51:51+07:00] mongo      <good>   polled → mongo_events.csv
[2026-06-13T22:51:51+07:00] unstr      <good>   polled → unstructured_events.csv
[2026-06-13T22:52:02+07:00] pg         <good>   polled → pg_events.csv
[2026-06-13T22:52:02+07:00] mongo      <good>   polled → mongo_events.csv
[2026-06-13T22:52:02+07:00] unstr      <good>   polled → unstructured_events.csv
[2026-06-13T22:52:12+07:00] pg         <good>   polled → pg_events.csv
[2026-06-13T22:52:13+07:00] mongo      <good>   polled → mongo_events.csv
[2026-06-13T22:52:13+07:00] unstr      <good>   polled → unstructured_events.csv
[2026-06-13T22:52:23+07:00] pg         <good>   polled → pg_events.csv
[2026-06-13T22:52:24+07:00] mongo      <good>   polled → mongo_events.csv
[2026-06-13T22:52:24+07:00] unstr      <good>   polled → unstructured_events.csv
[2026-06-13T22:52:34+07:00] pg         <good>   polled → pg_events.csv
[2026-06-13T22:52:35+07:00] mongo      <good>   polled → mongo_events.csv
[2026-06-13T22:52:35+07:00] unstr      <good>   polled → unstructured_events.csv
[2026-06-13T22:52:45+07:00] pg         <good>   polled → pg_events.csv
[2026-06-13T22:52:45+07:00] mongo      <good>   polled → mongo_events.csv
[2026-06-13T22:52:45+07:00] unstr      <good>   polled → unstructured_events.csv
[2026-06-13T22:52:55+07:00] pg         <good>   polled → pg_events.csv
[2026-06-13T22:52:55+07:00] mongo      <good>   polled → mongo_events.csv
[2026-06-13T22:52:55+07:00] unstr      <good>   polled → unstructured_events.csv
[2026-06-13T22:53:05+07:00] pg         <good>   polled → pg_events.csv
[2026-06-13T22:53:05+07:00] mongo      <good>   polled → mongo_events.csv
[2026-06-13T22:53:05+07:00] unstr      <good>   polled → unstructured_events.csv
[2026-06-13T22:53:15+07:00] pg         <good>   polled → pg_events.csv
[2026-06-13T22:53:15+07:00] mongo      <good>   polled → mongo_events.csv
[2026-06-13T22:53:15+07:00] unstr      <good>   polled → unstructured_events.csv
[2026-06-13T22:53:25+07:00] pg         <good>   polled → pg_events.csv
[2026-06-13T22:53:25+07:00] mongo      <good>   polled → mongo_events.csv
[2026-06-13T22:53:25+07:00] unstr      <good>   polled → unstructured_events.csv
[2026-06-13T22:53:35+07:00] pg         <good>   polled → pg_events.csv
[2026-06-13T22:53:35+07:00] mongo      <good>   polled → mongo_events.csv
[2026-06-13T22:53:35+07:00] unstr      <good>   polled → unstructured_events.csv
[2026-06-13T22:53:45+07:00] pg         <good>   polled → pg_events.csv
[2026-06-13T22:53:45+07:00] mongo      <good>   polled → mongo_events.csv
[2026-06-13T22:53:45+07:00] unstr      <good>   polled → unstructured_events.csv
[2026-06-13T22:53:55+07:00] pg         <good>   polled → pg_events.csv
[2026-06-13T22:53:55+07:00] mongo      <good>   polled → mongo_events.csv
[2026-06-13T22:53:55+07:00] unstr      <good>   polled → unstructured_events.csv
[2026-06-13T22:54:05+07:00] pg         <good>   polled → pg_events.csv
[2026-06-13T22:54:05+07:00] mongo      <good>   polled → mongo_events.csv
[2026-06-13T22:54:05+07:00] unstr      <good>   polled → unstructured_events.csv
[2026-06-13T22:54:15+07:00] pg         <good>   polled → pg_events.csv
[2026-06-13T22:54:15+07:00] mongo      <good>   polled → mongo_events.csv
[2026-06-13T22:54:15+07:00] unstr      <good>   polled → unstructured_events.csv
[2026-06-13T22:54:25+07:00] pg         <good>   polled → pg_events.csv
[2026-06-13T22:54:25+07:00] mongo      <good>   polled → mongo_events.csv
[2026-06-13T22:54:25+07:00] unstr      <good>   polled → unstructured_events.csv
[2026-06-13T22:54:35+07:00] pg         <good>   polled → pg_events.csv
[2026-06-13T22:54:35+07:00] mongo      <good>   polled → mongo_events.csv
[2026-06-13T22:54:35+07:00] unstr      <good>   polled → unstructured_events.csv
[2026-06-13T22:54:42+0700] main       <log>    ━━━━━━━━━━━━━━━━━━━━━━━━━━━━━━━━━━━━━━━━━━━━━━━━━━━━━━━━━━━━━
[2026-06-13T22:54:42+0700] main       <log>    VM1 → VM2 Restore Request
[2026-06-13T22:54:42+0700] main       <log>      version : chain-v1
[2026-06-13T22:54:42+0700] main       <log>      chain   : 7
[2026-06-13T22:54:42+0700] main       <log>      source  : local
[2026-06-13T22:54:42+0700] main       <log>      push→vm1: true
[2026-06-13T22:54:42+0700] main       <log>    ━━━━━━━━━━━━━━━━━━━━━━━━━━━━━━━━━━━━━━━━━━━━━━━━━━━━━━━━━━━━━
[2026-06-13T22:54:42+0700] main       <info>   Checking SSH to VM2 (recovery@192.168.10.129) …
[2026-06-13T22:54:43+0700] main       <good>   SSH OK
[2026-06-13T22:54:45+07:00] pg         <good>   polled → pg_events.csv
[2026-06-13T22:54:45+07:00] mongo      <good>   polled → mongo_events.csv
[2026-06-13T22:54:45+07:00] unstr      <good>   polled → unstructured_events.csv
[2026-06-13T22:54:55+07:00] pg         <good>   polled → pg_events.csv
[2026-06-13T22:54:55+07:00] mongo      <good>   polled → mongo_events.csv
[2026-06-13T22:54:55+07:00] unstr      <good>   polled → unstructured_events.csv
[2026-06-13T22:55:05+07:00] pg         <good>   polled → pg_events.csv
[2026-06-13T22:55:06+07:00] mongo      <good>   polled → mongo_events.csv
[2026-06-13T22:55:06+07:00] unstr      <good>   polled → unstructured_events.csv
[2026-06-13T22:55:16+07:00] pg         <good>   polled → pg_events.csv
[2026-06-13T22:55:16+07:00] mongo      <good>   polled → mongo_events.csv
[2026-06-13T22:55:16+07:00] unstr      <good>   polled → unstructured_events.csv
[2026-06-13T22:55:26+07:00] pg         <good>   polled → pg_events.csv
[2026-06-13T22:55:26+07:00] mongo      <good>   polled → mongo_events.csv
[2026-06-13T22:55:26+07:00] unstr      <good>   polled → unstructured_events.csv
[2026-06-13T22:55:36+07:00] pg         <good>   polled → pg_events.csv
[2026-06-13T22:55:36+07:00] mongo      <good>   polled → mongo_events.csv
[2026-06-13T22:55:36+07:00] unstr      <good>   polled → unstructured_events.csv
[2026-06-13T22:55:46+07:00] pg         <good>   polled → pg_events.csv
[2026-06-13T22:55:46+07:00] mongo      <good>   polled → mongo_events.csv
[2026-06-13T22:55:46+07:00] unstr      <good>   polled → unstructured_events.csv
[2026-06-13T22:55:56+07:00] pg         <good>   polled → pg_events.csv
[2026-06-13T22:55:56+07:00] mongo      <good>   polled → mongo_events.csv
[2026-06-13T22:55:56+07:00] unstr      <good>   polled → unstructured_events.csv
[2026-06-13T22:56:06+07:00] pg         <good>   polled → pg_events.csv
[2026-06-13T22:56:06+07:00] mongo      <good>   polled → mongo_events.csv
[2026-06-13T22:56:06+07:00] unstr      <good>   polled → unstructured_events.csv
[2026-06-13T22:56:16+07:00] pg         <good>   polled → pg_events.csv
[2026-06-13T22:56:16+07:00] mongo      <good>   polled → mongo_events.csv
[2026-06-13T22:56:16+07:00] unstr      <good>   polled → unstructured_events.csv
[2026-06-13T22:56:26+07:00] pg         <good>   polled → pg_events.csv
[2026-06-13T22:56:26+07:00] mongo      <good>   polled → mongo_events.csv
[2026-06-13T22:56:26+07:00] unstr      <good>   polled → unstructured_events.csv
[2026-06-13T22:56:36+07:00] pg         <good>   polled → pg_events.csv
[2026-06-13T22:56:36+07:00] mongo      <good>   polled → mongo_events.csv
[2026-06-13T22:56:36+07:00] unstr      <good>   polled → unstructured_events.csv
[2026-06-13T22:56:46+07:00] pg         <good>   polled → pg_events.csv
[2026-06-13T22:56:46+07:00] mongo      <good>   polled → mongo_events.csv
[2026-06-13T22:56:46+07:00] unstr      <good>   polled → unstructured_events.csv
[2026-06-13T22:56:56+07:00] pg         <good>   polled → pg_events.csv
[2026-06-13T22:56:56+07:00] mongo      <good>   polled → mongo_events.csv
[2026-06-13T22:56:56+07:00] unstr      <good>   polled → unstructured_events.csv
[2026-06-13T22:57:00+0700] main       <log>    ━━━━━━━━━━━━━━━━━━━━━━━━━━━━━━━━━━━━━━━━━━━━━━━━━━━━━━━━━━━━━
[2026-06-13T22:57:00+0700] main       <log>    VM1 → VM2 Restore Request
[2026-06-13T22:57:00+0700] main       <log>      version : chain-v1
[2026-06-13T22:57:00+0700] main       <log>      chain   : 7
[2026-06-13T22:57:00+0700] main       <log>      source  : local
[2026-06-13T22:57:00+0700] main       <log>      push→vm1: true
[2026-06-13T22:57:00+0700] main       <log>    ━━━━━━━━━━━━━━━━━━━━━━━━━━━━━━━━━━━━━━━━━━━━━━━━━━━━━━━━━━━━━
[2026-06-13T22:57:00+0700] main       <info>   Checking SSH to VM2 (recovery@192.168.10.129) …
[2026-06-13T22:57:01+0700] main       <good>   SSH OK
[2026-06-13T22:57:01+0700] main       <info>   Request ID: restore-1781366221-4ddca7
[2026-06-13T22:57:01+0700] main       <info>   Request JSON:
[2026-06-13T22:57:01+0700] main       <info>   Sending request to VM2 …
[2026-06-13T22:57:01+0700] main       <good>   Request dropped: /home/recovery/local-backup/restore-requests/restore-1781366221-4ddca7.json
[2026-06-13T22:57:01+0700] main       <info>   Polling VM2 for completion (timeout=600s, interval=3s) …
[2026-06-13T22:57:02+0700] main       <info>     VM2 is processing… (0s elapsed)
[2026-06-13T22:57:05+0700] main       <info>     VM2 is processing… (3s elapsed)
[2026-06-13T22:57:06+07:00] pg         <good>   polled → pg_events.csv
[2026-06-13T22:57:06+07:00] mongo      <good>   polled → mongo_events.csv
[2026-06-13T22:57:06+07:00] unstr      <good>   polled → unstructured_events.csv
[2026-06-13T22:57:09+0700] main       <info>     VM2 is processing… (6s elapsed)
[2026-06-13T22:57:12+0700] main       <info>     VM2 is processing… (9s elapsed)
[2026-06-13T22:57:16+0700] main       <info>     VM2 is processing… (12s elapsed)
[2026-06-13T22:57:16+07:00] pg         <good>   polled → pg_events.csv
[2026-06-13T22:57:16+07:00] mongo      <good>   polled → mongo_events.csv
[2026-06-13T22:57:16+07:00] unstr      <good>   polled → unstructured_events.csv
[2026-06-13T22:57:20+0700] main       <info>     VM2 is processing… (15s elapsed)
[2026-06-13T22:57:23+0700] main       <info>     VM2 is processing… (18s elapsed)
[2026-06-13T22:57:26+07:00] pg         <good>   polled → pg_events.csv
[2026-06-13T22:57:26+07:00] mongo      <good>   polled → mongo_events.csv
[2026-06-13T22:57:26+07:00] unstr      <good>   polled → unstructured_events.csv
[2026-06-13T22:57:27+0700] main       <info>     VM2 is processing… (21s elapsed)
[2026-06-13T22:57:30+0700] main       <good>   VM2 restore complete.
[2026-06-13T22:57:30+0700] main       <info>   Cycles received in /home/primary/data/backup-incoming/chain-v1/:
[2026-06-13T22:57:30+0700] main       <good>   7 cycle(s) ready in backup-incoming
[2026-06-13T22:57:30+0700] main       <info>   Bumping chain version in state DB …
[2026-06-13T22:57:30+0700] main       <good>   Chain version bumped → chain-v4
[2026-06-13T22:57:30+0700] main       <info>   Next backup cycle will write to backup-cycles/chain-v4/
[2026-06-13T22:57:30+0700] main       <log>    ━━━━━━━━━━━━━━━━━━━━━━━━━━━━━━━━━━━━━━━━━━━━━━━━━━━━━━━━━━━━━
[2026-06-13T22:57:30+0700] main       <good>   Restore data is ready. Run this to replay into live DBs:
[2026-06-13T22:57:30+0700] main       <log>    ━━━━━━━━━━━━━━━━━━━━━━━━━━━━━━━━━━━━━━━━━━━━━━━━━━━━━━━━━━━━━
[2026-06-13T22:57:36+07:00] pg         <good>   polled → pg_events.csv
[2026-06-13T22:57:36+07:00] mongo      <good>   polled → mongo_events.csv
[2026-06-13T22:57:36+07:00] unstr      <good>   polled → unstructured_events.csv
[2026-06-13T22:57:46+07:00] pg         <good>   polled → pg_events.csv
[2026-06-13T22:57:46+07:00] mongo      <good>   polled → mongo_events.csv
[2026-06-13T22:57:46+07:00] unstr      <good>   polled → unstructured_events.csv
[2026-06-13T22:57:56+07:00] pg         <good>   polled → pg_events.csv
[2026-06-13T22:57:56+07:00] mongo      <good>   polled → mongo_events.csv
[2026-06-13T22:57:56+07:00] unstr      <good>   polled → unstructured_events.csv
[2026-06-13T22:58:07+07:00] pg         <good>   polled → pg_events.csv
[2026-06-13T22:58:07+07:00] mongo      <good>   polled → mongo_events.csv
[2026-06-13T22:58:07+07:00] unstr      <good>   polled → unstructured_events.csv
[2026-06-13T22:58:17+07:00] pg         <good>   polled → pg_events.csv
[2026-06-13T22:58:17+07:00] mongo      <good>   polled → mongo_events.csv
[2026-06-13T22:58:17+07:00] unstr      <good>   polled → unstructured_events.csv
[2026-06-13T22:58:22+07:00] [SELECT]   <info>   Using explicit chain version: /home/primary/data/backup-incoming/chain-v1
[2026-06-13T22:58:22+07:00] [SELECT]   <info>   --chain 7: selecting first 7 of 7 cycles (oldest→newest): ['20260613_211501', '20260613_212047', '20260613_212553', '20260613_213057', '20260613_213601', '20260613_214105', '20260613_214609']
[2026-06-13T22:58:22+07:00] [RESTORE]  <info>   Base unstructured: /home/primary/data/unstructured
[2026-06-13T22:58:22+07:00] [RESTORE]  <info>   Output root:       /home/primary/data/backup-incoming
[2026-06-13T22:58:22+07:00] [RESTORE]  <info>   Cycles:            7
[2026-06-13T22:58:22+07:00] [VERIFY]   <info>   Verifying latest cycle: /home/primary/data/backup-incoming/chain-v1/20260613_214609 (raw=False)
[2026-06-13T22:58:22+07:00] [VERIFY]   <info>   OK
[2026-06-13T22:58:22+07:00] [PFC]      <info>   Copying base unstructured -> /home/primary/data/unstructured
[2026-06-13T22:58:22+07:00] [PFC]      <info>   Base copy: files=0 bytes=0 elapsed=0.00s
[2026-06-13T22:58:22+07:00] [RESTORE]  <info>   Reading manifest: /home/primary/data/backup-incoming/chain-v1/20260613_211501/manifest.json
[2026-06-13T22:58:22+07:00] [PFC]      <info>   Applying PFC deltas from /home/primary/data/backup-incoming/chain-v1/20260613_211501: count=1045
[2026-06-13T22:58:27+07:00] pg         <good>   polled → pg_events.csv
[2026-06-13T22:58:27+07:00] mongo      <good>   polled → mongo_events.csv
[2026-06-13T22:58:27+07:00] unstr      <good>   polled → unstructured_events.csv
[2026-06-13T22:58:31+07:00] [RESTORE]  <info>   Reading manifest: /home/primary/data/backup-incoming/chain-v1/20260613_212047/manifest.json
[2026-06-13T22:58:31+07:00] [PFC]      <info>   Applying PFC deltas from /home/primary/data/backup-incoming/chain-v1/20260613_212047: count=30
[2026-06-13T22:58:32+07:00] [RESTORE]  <info>   Reading manifest: /home/primary/data/backup-incoming/chain-v1/20260613_212553/manifest.json
[2026-06-13T22:58:32+07:00] [PFC]      <info>   Applying PFC deltas from /home/primary/data/backup-incoming/chain-v1/20260613_212553: count=18
[2026-06-13T22:58:32+07:00] [RESTORE]  <info>   Reading manifest: /home/primary/data/backup-incoming/chain-v1/20260613_213057/manifest.json
[2026-06-13T22:58:32+07:00] [PFC]      <info>   Applying PFC deltas from /home/primary/data/backup-incoming/chain-v1/20260613_213057: count=24
[2026-06-13T22:58:32+07:00] [RESTORE]  <info>   Reading manifest: /home/primary/data/backup-incoming/chain-v1/20260613_213601/manifest.json
[2026-06-13T22:58:32+07:00] [PFC]      <info>   Applying PFC deltas from /home/primary/data/backup-incoming/chain-v1/20260613_213601: count=16
[2026-06-13T22:58:32+07:00] [RESTORE]  <info>   Reading manifest: /home/primary/data/backup-incoming/chain-v1/20260613_214105/manifest.json
[2026-06-13T22:58:32+07:00] [PFC]      <info>   Applying PFC deltas from /home/primary/data/backup-incoming/chain-v1/20260613_214105: count=55
[2026-06-13T22:58:33+07:00] [RESTORE]  <info>   Reading manifest: /home/primary/data/backup-incoming/chain-v1/20260613_214609/manifest.json
[2026-06-13T22:58:33+07:00] [PFC]      <info>   Applying PFC deltas from /home/primary/data/backup-incoming/chain-v1/20260613_214609: count=51
[2026-06-13T22:58:34+07:00] [PG][STAGE] <info>   Merged WAL from 7 cycle(s) into single stream: 6 files -> /home/primary/data/backup-incoming/pg/merged_wal
[2026-06-13T22:58:34+07:00] [PG]       <info>   Single-pass WAL staging: files=6 merged_dir=/home/primary/data/backup-incoming/pg/merged_wal
[2026-06-13T22:58:34+07:00] [PG]       <info>   Restored basebackup artifacts: files_copied=1 -> /home/primary/data/backup-incoming/pg/basebackup
[2026-06-13T22:58:34+07:00] [MONGO]    <info>   Decompressed oplog delta: /home/primary/data/backup-incoming/chain-v1/20260613_211501/mongo/oplog_delta.json.z -> /home/primary/data/backup-incoming/mongo/oplog_delta.20260613_211501.json bytes=614410
[2026-06-13T22:58:34+07:00] [MONGO]    <info>   Decompressed oplog delta: /home/primary/data/backup-incoming/chain-v1/20260613_212047/mongo/oplog_delta.json.z -> /home/primary/data/backup-incoming/mongo/oplog_delta.20260613_212047.json bytes=580158
[2026-06-13T22:58:34+07:00] [MONGO]    <info>   Decompressed oplog delta: /home/primary/data/backup-incoming/chain-v1/20260613_212553/mongo/oplog_delta.json.z -> /home/primary/data/backup-incoming/mongo/oplog_delta.20260613_212553.json bytes=534285
[2026-06-13T22:58:34+07:00] [MONGO]    <info>   Decompressed oplog delta: /home/primary/data/backup-incoming/chain-v1/20260613_213057/mongo/oplog_delta.json.z -> /home/primary/data/backup-incoming/mongo/oplog_delta.20260613_213057.json bytes=379024
[2026-06-13T22:58:34+07:00] [MONGO]    <info>   Decompressed oplog delta: /home/primary/data/backup-incoming/chain-v1/20260613_213601/mongo/oplog_delta.json.z -> /home/primary/data/backup-incoming/mongo/oplog_delta.20260613_213601.json bytes=527999
[2026-06-13T22:58:34+07:00] [MONGO]    <info>   Decompressed oplog delta: /home/primary/data/backup-incoming/chain-v1/20260613_214105/mongo/oplog_delta.json.z -> /home/primary/data/backup-incoming/mongo/oplog_delta.20260613_214105.json bytes=522062
[2026-06-13T22:58:34+07:00] [MONGO]    <info>   Decompressed oplog delta: /home/primary/data/backup-incoming/chain-v1/20260613_214609/mongo/oplog_delta.json.z -> /home/primary/data/backup-incoming/mongo/oplog_delta.20260613_214609.json bytes=535184
[2026-06-13T22:58:34+07:00] [MONGO]    <info>   Restored basebackup artifacts: files_copied=1 -> /home/primary/data/backup-incoming/mongo/basebackup
[2026-06-13T22:58:34+07:00] [RESTORE]  <info>   Done: out_root=/home/primary/data/backup-incoming pfc_chunks_applied=1239 verified_ok=1239 verified_fail=0 wal_merged_dir=/home/primary/data/backup-incoming/pg/merged_wal
[2026-06-13T22:58:34+07:00] [PROMOTE]  <info>   Starting as live stack: container=postgres_live port=5432
[2026-06-13T22:58:34+07:00] [CMD]      <info>   docker run --rm -u root -v /home/primary/data/transactional/postgres/data:/var/lib/postgresql/data -v /home/primary/data/backup-incoming/pg/basebackup/20260613_211501/base.tar.gz:/base.tar.gz:ro postgres:15-alpine sh -lc rm -rf /var/lib/postgresql/data/* && tar -xzf /base.tar.gz -C /var/lib/postgresql/data && chown -R postgres:postgres /var/lib/postgresql/data && touch /var/lib/postgresql/data/recovery.signal
[2026-06-13T22:58:37+07:00] pg         <good>   polled → pg_events.csv
[2026-06-13T22:58:37+07:00] mongo      <good>   polled → mongo_events.csv
[2026-06-13T22:58:37+07:00] unstr      <good>   polled → unstructured_events.csv
[2026-06-13T22:58:38+07:00] [CMD]      <info>   docker rm -f postgres_live
[2026-06-13T22:58:38+07:00] [CMD]      <info>   docker run -d --name postgres_live -p 5432:5432 -v /home/primary/data/transactional/postgres/data:/var/lib/postgresql/data -v /home/primary/data/backup-incoming/pg/merged_wal:/wal:ro postgres:15-alpine -c restore_command=cp /wal/%f %p
[2026-06-13T22:58:39+07:00] [PG][RESTORE] <info>   Started container=postgres_live host_port=5432 PGDATA=/home/primary/data/transactional/postgres/data merged_WAL=/home/primary/data/backup-incoming/pg/merged_wal
[2026-06-13T22:58:39+07:00] [PROMOTE]  <info>   Starting as live stack: container=mongodb_live port=27017
[2026-06-13T22:58:39+07:00] [CMD]      <info>   docker rm -f mongodb_live
[2026-06-13T22:58:39+07:00] [CMD]      <info>   docker run -d --name mongodb_live -p 27017:27017 -v /home/primary/data/transactional/mongo/data:/data/db mongo:7.0 --bind_ip_all
[2026-06-13T22:58:47+07:00] [MONGO][RESTORE] <info>   Started container=mongodb_live host_port=27017 data=/home/primary/data/transactional/mongo/data
[2026-06-13T22:58:47+07:00] [MONGO][OPLOG] <info>   Applying delta: /home/primary/data/backup-incoming/mongo/oplog_delta.20260613_211501.json
[2026-06-13T22:58:47+07:00] [CMD]      <info>   docker cp /home/primary/data/backup-incoming/mongo/oplog_delta.20260613_211501.json mongodb_live:/tmp/oplog_delta.json
[2026-06-13T22:58:48+07:00] pg         <good>   polled → pg_events.csv
[2026-06-13T22:58:51+07:00] mongo      <good>   polled → mongo_events.csv
[2026-06-13T22:58:51+07:00] unstr      <good>   polled → unstructured_events.csv
[2026-06-13T22:58:53+07:00] [MONGO][OPLOG] <info>   APPLIED=418 SKIPPED=549 FAILED=0 | skipped_dup_insert=422 skipped_unsupported_update=0 skipped_cmd=0 | failed_i=0 failed_u=0 failed_d=0
[2026-06-13T22:58:53+07:00] [MONGO][OPLOG] <info>   Applying delta: /home/primary/data/backup-incoming/mongo/oplog_delta.20260613_212047.json
[2026-06-13T22:58:53+07:00] [CMD]      <info>   docker cp /home/primary/data/backup-incoming/mongo/oplog_delta.20260613_212047.json mongodb_live:/tmp/oplog_delta.json
[2026-06-13T22:58:56+07:00] [MONGO][OPLOG] <info>   APPLIED=798 SKIPPED=106 FAILED=0 | skipped_dup_insert=0 skipped_unsupported_update=0 skipped_cmd=0 | failed_i=0 failed_u=0 failed_d=0
[2026-06-13T22:58:56+07:00] [MONGO][OPLOG] <info>   Applying delta: /home/primary/data/backup-incoming/mongo/oplog_delta.20260613_212553.json
[2026-06-13T22:58:56+07:00] [CMD]      <info>   docker cp /home/primary/data/backup-incoming/mongo/oplog_delta.20260613_212553.json mongodb_live:/tmp/oplog_delta.json
[2026-06-13T22:58:58+07:00] [MONGO][OPLOG] <info>   APPLIED=725 SKIPPED=103 FAILED=0 | skipped_dup_insert=0 skipped_unsupported_update=0 skipped_cmd=0 | failed_i=0 failed_u=0 failed_d=0
[2026-06-13T22:58:58+07:00] [MONGO][OPLOG] <info>   Applying delta: /home/primary/data/backup-incoming/mongo/oplog_delta.20260613_213057.json
[2026-06-13T22:58:58+07:00] [CMD]      <info>   docker cp /home/primary/data/backup-incoming/mongo/oplog_delta.20260613_213057.json mongodb_live:/tmp/oplog_delta.json
[2026-06-13T22:59:00+07:00] [MONGO][OPLOG] <info>   APPLIED=493 SKIPPED=101 FAILED=0 | skipped_dup_insert=0 skipped_unsupported_update=0 skipped_cmd=0 | failed_i=0 failed_u=0 failed_d=0
[2026-06-13T22:59:00+07:00] [MONGO][OPLOG] <info>   Applying delta: /home/primary/data/backup-incoming/mongo/oplog_delta.20260613_213601.json
[2026-06-13T22:59:00+07:00] [CMD]      <info>   docker cp /home/primary/data/backup-incoming/mongo/oplog_delta.20260613_213601.json mongodb_live:/tmp/oplog_delta.json
[2026-06-13T22:59:01+07:00] pg         <good>   polled → pg_events.csv
[2026-06-13T22:59:02+07:00] mongo      <good>   polled → mongo_events.csv
[2026-06-13T22:59:02+07:00] unstr      <good>   polled → unstructured_events.csv
[2026-06-13T22:59:03+07:00] [MONGO][OPLOG] <info>   APPLIED=717 SKIPPED=105 FAILED=0 | skipped_dup_insert=0 skipped_unsupported_update=0 skipped_cmd=0 | failed_i=0 failed_u=0 failed_d=0
[2026-06-13T22:59:03+07:00] [MONGO][OPLOG] <info>   Applying delta: /home/primary/data/backup-incoming/mongo/oplog_delta.20260613_214105.json
[2026-06-13T22:59:03+07:00] [CMD]      <info>   docker cp /home/primary/data/backup-incoming/mongo/oplog_delta.20260613_214105.json mongodb_live:/tmp/oplog_delta.json
[2026-06-13T22:59:05+07:00] [MONGO][OPLOG] <info>   APPLIED=709 SKIPPED=105 FAILED=0 | skipped_dup_insert=0 skipped_unsupported_update=0 skipped_cmd=0 | failed_i=0 failed_u=0 failed_d=0
[2026-06-13T22:59:05+07:00] [MONGO][OPLOG] <info>   Applying delta: /home/primary/data/backup-incoming/mongo/oplog_delta.20260613_214609.json
[2026-06-13T22:59:05+07:00] [CMD]      <info>   docker cp /home/primary/data/backup-incoming/mongo/oplog_delta.20260613_214609.json mongodb_live:/tmp/oplog_delta.json
[2026-06-13T22:59:07+07:00] [MONGO][OPLOG] <info>   APPLIED=698 SKIPPED=107 FAILED=0 | skipped_dup_insert=0 skipped_unsupported_update=0 skipped_cmd=0 | failed_i=0 failed_u=0 failed_d=0
[2026-06-13T22:59:12+07:00] pg         <good>   polled → pg_events.csv
[2026-06-13T22:59:13+07:00] mongo      <good>   polled → mongo_events.csv
[2026-06-13T22:59:13+07:00] unstr      <good>   polled → unstructured_events.csv
[2026-06-13T22:59:23+07:00] pg         <good>   polled → pg_events.csv
[2026-06-13T22:59:24+07:00] mongo      <good>   polled → mongo_events.csv
[2026-06-13T22:59:24+07:00] unstr      <good>   polled → unstructured_events.csv
[2026-06-13T22:59:34+07:00] pg         <good>   polled → pg_events.csv
[2026-06-13T22:59:35+07:00] mongo      <good>   polled → mongo_events.csv
[2026-06-13T22:59:35+07:00] unstr      <good>   polled → unstructured_events.csv
[2026-06-13T22:59:45+07:00] pg         <good>   polled → pg_events.csv
[2026-06-13T22:59:46+07:00] mongo      <good>   polled → mongo_events.csv
[2026-06-13T22:59:46+07:00] unstr      <good>   polled → unstructured_events.csv
[2026-06-13T22:59:56+07:00] pg         <good>   polled → pg_events.csv
[2026-06-13T22:59:57+07:00] mongo      <good>   polled → mongo_events.csv
[2026-06-13T22:59:57+07:00] unstr      <good>   polled → unstructured_events.csv
[2026-06-13T23:00:07+07:00] pg         <good>   polled → pg_events.csv
[2026-06-13T23:00:08+07:00] mongo      <good>   polled → mongo_events.csv
[2026-06-13T23:00:08+07:00] unstr      <good>   polled → unstructured_events.csv
[2026-06-13T23:00:18+07:00] pg         <good>   polled → pg_events.csv
[2026-06-13T23:00:19+07:00] mongo      <good>   polled → mongo_events.csv
[2026-06-13T23:00:19+07:00] unstr      <good>   polled → unstructured_events.csv
[2026-06-13T23:00:30+07:00] pg         <good>   polled → pg_events.csv
[2026-06-13T23:00:30+07:00] mongo      <good>   polled → mongo_events.csv
[2026-06-13T23:00:30+07:00] unstr      <good>   polled → unstructured_events.csv
[2026-06-13T23:00:40+07:00] pg         <good>   polled → pg_events.csv
[2026-06-13T23:00:41+07:00] mongo      <good>   polled → mongo_events.csv
[2026-06-13T23:00:41+07:00] unstr      <good>   polled → unstructured_events.csv
[2026-06-13T23:00:51+07:00] pg         <good>   polled → pg_events.csv
[2026-06-13T23:00:52+07:00] mongo      <good>   polled → mongo_events.csv
[2026-06-13T23:00:52+07:00] unstr      <good>   polled → unstructured_events.csv
[2026-06-13T23:01:03+07:00] pg         <good>   polled → pg_events.csv
[2026-06-13T23:01:04+07:00] mongo      <good>   polled → mongo_events.csv
[2026-06-13T23:01:04+07:00] unstr      <good>   polled → unstructured_events.csv
[2026-06-13T23:01:14+07:00] pg         <good>   polled → pg_events.csv
[2026-06-13T23:01:15+07:00] mongo      <good>   polled → mongo_events.csv
[2026-06-13T23:01:15+07:00] unstr      <good>   polled → unstructured_events.csv
[2026-06-13T23:01:25+07:00] pg         <good>   polled → pg_events.csv
[2026-06-13T23:01:26+07:00] mongo      <good>   polled → mongo_events.csv
[2026-06-13T23:01:26+07:00] unstr      <good>   polled → unstructured_events.csv
[2026-06-13T23:01:36+07:00] pg         <good>   polled → pg_events.csv
[2026-06-13T23:01:37+07:00] mongo      <good>   polled → mongo_events.csv
[2026-06-13T23:01:37+07:00] unstr      <good>   polled → unstructured_events.csv
[2026-06-13T23:01:47+07:00] pg         <good>   polled → pg_events.csv
[2026-06-13T23:01:48+07:00] mongo      <good>   polled → mongo_events.csv
[2026-06-13T23:01:48+07:00] unstr      <good>   polled → unstructured_events.csv
[2026-06-13T23:01:58+07:00] pg         <good>   polled → pg_events.csv
[2026-06-13T23:01:59+07:00] mongo      <good>   polled → mongo_events.csv
[2026-06-13T23:01:59+07:00] unstr      <good>   polled → unstructured_events.csv
[2026-06-13T23:02:09+07:00] pg         <good>   polled → pg_events.csv
[2026-06-13T23:02:10+07:00] mongo      <good>   polled → mongo_events.csv
[2026-06-13T23:02:10+07:00] unstr      <good>   polled → unstructured_events.csv
[2026-06-13T23:02:20+07:00] pg         <good>   polled → pg_events.csv
[2026-06-13T23:02:21+07:00] mongo      <good>   polled → mongo_events.csv
[2026-06-13T23:02:21+07:00] unstr      <good>   polled → unstructured_events.csv
[2026-06-13T23:02:31+07:00] pg         <good>   polled → pg_events.csv
[2026-06-13T23:02:32+07:00] mongo      <good>   polled → mongo_events.csv
[2026-06-13T23:02:32+07:00] unstr      <good>   polled → unstructured_events.csv
[2026-06-13T23:02:42+07:00] pg         <good>   polled → pg_events.csv
[2026-06-13T23:02:43+07:00] mongo      <good>   polled → mongo_events.csv
[2026-06-13T23:02:43+07:00] unstr      <good>   polled → unstructured_events.csv
[2026-06-13T23:02:53+07:00] pg         <good>   polled → pg_events.csv
[2026-06-13T23:02:54+07:00] mongo      <good>   polled → mongo_events.csv
[2026-06-13T23:02:54+07:00] unstr      <good>   polled → unstructured_events.csv
[2026-06-13T23:03:04+07:00] pg         <good>   polled → pg_events.csv
[2026-06-13T23:03:06+07:00] mongo      <good>   polled → mongo_events.csv
[2026-06-13T23:03:06+07:00] unstr      <good>   polled → unstructured_events.csv
[2026-06-13T23:03:16+07:00] pg         <good>   polled → pg_events.csv
[2026-06-13T23:03:17+07:00] mongo      <good>   polled → mongo_events.csv
[2026-06-13T23:03:17+07:00] unstr      <good>   polled → unstructured_events.csv
[2026-06-13T23:03:27+07:00] pg         <good>   polled → pg_events.csv
[2026-06-13T23:03:28+07:00] mongo      <good>   polled → mongo_events.csv
[2026-06-13T23:03:28+07:00] unstr      <good>   polled → unstructured_events.csv
[2026-06-13T23:03:38+07:00] pg         <good>   polled → pg_events.csv
[2026-06-13T23:03:39+07:00] mongo      <good>   polled → mongo_events.csv
[2026-06-13T23:03:39+07:00] unstr      <good>   polled → unstructured_events.csv
[2026-06-13T23:03:49+07:00] pg         <good>   polled → pg_events.csv
[2026-06-13T23:03:50+07:00] mongo      <good>   polled → mongo_events.csv
[2026-06-13T23:03:50+07:00] unstr      <good>   polled → unstructured_events.csv
[2026-06-13T23:04:00+07:00] pg         <good>   polled → pg_events.csv
[2026-06-13T23:04:01+07:00] mongo      <good>   polled → mongo_events.csv
[2026-06-13T23:04:01+07:00] unstr      <good>   polled → unstructured_events.csv
[2026-06-13T23:04:11+07:00] pg         <good>   polled → pg_events.csv
[2026-06-13T23:04:12+07:00] mongo      <good>   polled → mongo_events.csv
[2026-06-13T23:04:12+07:00] unstr      <good>   polled → unstructured_events.csv
[2026-06-13T23:04:22+07:00] pg         <good>   polled → pg_events.csv
[2026-06-13T23:04:23+07:00] mongo      <good>   polled → mongo_events.csv
[2026-06-13T23:04:23+07:00] unstr      <good>   polled → unstructured_events.csv
[2026-06-13T23:04:33+07:00] pg         <good>   polled → pg_events.csv
[2026-06-13T23:04:34+07:00] mongo      <good>   polled → mongo_events.csv
[2026-06-13T23:04:34+07:00] unstr      <good>   polled → unstructured_events.csv
[2026-06-13T23:04:44+07:00] pg         <good>   polled → pg_events.csv
[2026-06-13T23:04:45+07:00] mongo      <good>   polled → mongo_events.csv
[2026-06-13T23:04:45+07:00] unstr      <good>   polled → unstructured_events.csv
[2026-06-13T23:04:55+07:00] pg         <good>   polled → pg_events.csv
[2026-06-13T23:04:56+07:00] mongo      <good>   polled → mongo_events.csv
[2026-06-13T23:04:56+07:00] unstr      <good>   polled → unstructured_events.csv
[2026-06-13T23:05:06+07:00] pg         <good>   polled → pg_events.csv
[2026-06-13T23:05:07+07:00] mongo      <good>   polled → mongo_events.csv
[2026-06-13T23:05:07+07:00] unstr      <good>   polled → unstructured_events.csv
[2026-06-13T23:05:18+07:00] pg         <good>   polled → pg_events.csv
[2026-06-13T23:05:19+07:00] mongo      <good>   polled → mongo_events.csv
[2026-06-13T23:05:19+07:00] unstr      <good>   polled → unstructured_events.csv
[2026-06-13T23:05:29+07:00] pg         <good>   polled → pg_events.csv
[2026-06-13T23:05:30+07:00] mongo      <good>   polled → mongo_events.csv
[2026-06-13T23:05:30+07:00] unstr      <good>   polled → unstructured_events.csv
[2026-06-13T23:05:40+07:00] pg         <good>   polled → pg_events.csv
[2026-06-13T23:05:41+07:00] mongo      <good>   polled → mongo_events.csv
[2026-06-13T23:05:41+07:00] unstr      <good>   polled → unstructured_events.csv
[2026-06-13T23:05:51+07:00] pg         <good>   polled → pg_events.csv
[2026-06-13T23:05:52+07:00] mongo      <good>   polled → mongo_events.csv
[2026-06-13T23:05:52+07:00] unstr      <good>   polled → unstructured_events.csv
[2026-06-13T23:06:00+0700] main       <log>    ━━━━━━━━━━━━━━━━━━━━━━━━━━━━━━━━━━━━━━━━━━━━━━━━━━━━━━━━━━━━━
[2026-06-13T23:06:00+0700] main       <log>    VM1 → VM2 Restore Request
[2026-06-13T23:06:00+0700] main       <log>      version : chain-v1
[2026-06-13T23:06:00+0700] main       <log>      chain   : 7
[2026-06-13T23:06:00+0700] main       <log>      source  : local
[2026-06-13T23:06:00+0700] main       <log>      push→vm1: true
[2026-06-13T23:06:00+0700] main       <log>    ━━━━━━━━━━━━━━━━━━━━━━━━━━━━━━━━━━━━━━━━━━━━━━━━━━━━━━━━━━━━━
[2026-06-13T23:06:00+0700] main       <info>   Checking SSH to VM2 (recovery@192.168.10.129) …
[2026-06-13T23:06:00+0700] main       <good>   SSH OK
[2026-06-13T23:06:00+0700] main       <info>   Request ID: restore-1781366760-dcb81c
[2026-06-13T23:06:00+0700] main       <info>   Request JSON:
[2026-06-13T23:06:00+0700] main       <info>   Sending request to VM2 …
[2026-06-13T23:06:01+0700] main       <good>   Request dropped: /home/recovery/local-backup/restore-requests/restore-1781366760-dcb81c.json
[2026-06-13T23:06:01+0700] main       <info>   Polling VM2 for completion (timeout=600s, interval=3s) …
[2026-06-13T23:06:01+0700] main       <info>     VM2 is processing… (0s elapsed)
[2026-06-13T23:06:02+07:00] pg         <good>   polled → pg_events.csv
[2026-06-13T23:06:04+07:00] mongo      <good>   polled → mongo_events.csv
[2026-06-13T23:06:04+07:00] unstr      <good>   polled → unstructured_events.csv
[2026-06-13T23:06:05+0700] main       <info>     VM2 is processing… (3s elapsed)
[2026-06-13T23:06:08+0700] main       <info>     VM2 is processing… (6s elapsed)
[2026-06-13T23:06:12+0700] main       <info>     VM2 is processing… (9s elapsed)
[2026-06-13T23:06:14+07:00] pg         <good>   polled → pg_events.csv
[2026-06-13T23:06:16+07:00] mongo      <good>   polled → mongo_events.csv
[2026-06-13T23:06:16+07:00] unstr      <good>   polled → unstructured_events.csv
[2026-06-13T23:06:17+0700] main       <info>     VM2 is processing… (12s elapsed)
[2026-06-13T23:06:20+0700] main       <info>     VM2 is processing… (15s elapsed)
[2026-06-13T23:06:24+0700] main       <info>     VM2 is processing… (18s elapsed)
[2026-06-13T23:06:26+07:00] pg         <good>   polled → pg_events.csv
[2026-06-13T23:06:27+0700] main       <good>   VM2 restore complete.
[2026-06-13T23:06:27+0700] main       <info>   Cycles received in /home/primary/data/backup-incoming/chain-v1/:
[2026-06-13T23:06:27+0700] main       <good>   7 cycle(s) ready in backup-incoming
[2026-06-13T23:06:27+0700] main       <info>   Bumping chain version in state DB …
[2026-06-13T23:06:27+07:00] mongo      <good>   polled → mongo_events.csv
[2026-06-13T23:06:27+07:00] unstr      <good>   polled → unstructured_events.csv
[2026-06-13T23:06:28+0700] main       <good>   Chain version bumped → chain-v5
[2026-06-13T23:06:28+0700] main       <info>   Next backup cycle will write to backup-cycles/chain-v5/
[2026-06-13T23:06:28+0700] main       <log>    ━━━━━━━━━━━━━━━━━━━━━━━━━━━━━━━━━━━━━━━━━━━━━━━━━━━━━━━━━━━━━
[2026-06-13T23:06:28+0700] main       <good>   Restore data is ready. Run this to replay into live DBs:
[2026-06-13T23:06:28+0700] main       <log>    ━━━━━━━━━━━━━━━━━━━━━━━━━━━━━━━━━━━━━━━━━━━━━━━━━━━━━━━━━━━━━
[2026-06-13T23:06:38+07:00] pg         <good>   polled → pg_events.csv
[2026-06-13T23:06:39+07:00] mongo      <good>   polled → mongo_events.csv
[2026-06-13T23:06:39+07:00] unstr      <good>   polled → unstructured_events.csv
[2026-06-13T23:06:49+07:00] pg         <good>   polled → pg_events.csv
[2026-06-13T23:06:50+07:00] mongo      <good>   polled → mongo_events.csv
[2026-06-13T23:06:50+07:00] unstr      <good>   polled → unstructured_events.csv
[2026-06-13T23:07:00+07:00] pg         <good>   polled → pg_events.csv
[2026-06-13T23:07:01+07:00] mongo      <good>   polled → mongo_events.csv
[2026-06-13T23:07:01+07:00] unstr      <good>   polled → unstructured_events.csv
[2026-06-13T23:07:11+07:00] pg         <good>   polled → pg_events.csv
[2026-06-13T23:07:11+07:00] mongo      <good>   polled → mongo_events.csv
[2026-06-13T23:07:11+07:00] unstr      <good>   polled → unstructured_events.csv
[2026-06-13T23:07:22+07:00] pg         <good>   polled → pg_events.csv
[2026-06-13T23:07:23+07:00] mongo      <good>   polled → mongo_events.csv
[2026-06-13T23:07:23+07:00] unstr      <good>   polled → unstructured_events.csv
[2026-06-13T23:07:33+07:00] pg         <good>   polled → pg_events.csv
[2026-06-13T23:07:34+07:00] mongo      <good>   polled → mongo_events.csv
[2026-06-13T23:07:34+07:00] unstr      <good>   polled → unstructured_events.csv
[2026-06-13T23:07:44+07:00] pg         <good>   polled → pg_events.csv
[2026-06-13T23:07:45+07:00] mongo      <good>   polled → mongo_events.csv
[2026-06-13T23:07:45+07:00] unstr      <good>   polled → unstructured_events.csv
[2026-06-13T23:07:55+07:00] pg         <good>   polled → pg_events.csv
[2026-06-13T23:07:56+07:00] mongo      <good>   polled → mongo_events.csv
[2026-06-13T23:07:56+07:00] unstr      <good>   polled → unstructured_events.csv
[2026-06-13T23:08:06+07:00] pg         <good>   polled → pg_events.csv
[2026-06-13T23:08:07+07:00] mongo      <good>   polled → mongo_events.csv
[2026-06-13T23:08:07+07:00] unstr      <good>   polled → unstructured_events.csv
[2026-06-13T23:08:17+07:00] pg         <good>   polled → pg_events.csv
[2026-06-13T23:08:18+07:00] mongo      <good>   polled → mongo_events.csv
[2026-06-13T23:08:18+07:00] unstr      <good>   polled → unstructured_events.csv
[2026-06-13T23:08:28+07:00] pg         <good>   polled → pg_events.csv
[2026-06-13T23:08:29+07:00] mongo      <good>   polled → mongo_events.csv
[2026-06-13T23:08:29+07:00] unstr      <good>   polled → unstructured_events.csv
[2026-06-13T23:08:39+07:00] pg         <good>   polled → pg_events.csv
[2026-06-13T23:08:40+07:00] mongo      <good>   polled → mongo_events.csv
[2026-06-13T23:08:40+07:00] unstr      <good>   polled → unstructured_events.csv
[2026-06-13T23:08:50+07:00] pg         <good>   polled → pg_events.csv
[2026-06-13T23:08:51+07:00] mongo      <good>   polled → mongo_events.csv
[2026-06-13T23:08:51+07:00] unstr      <good>   polled → unstructured_events.csv
[2026-06-13T23:09:01+07:00] pg         <good>   polled → pg_events.csv
[2026-06-13T23:09:02+07:00] mongo      <good>   polled → mongo_events.csv
[2026-06-13T23:09:02+07:00] unstr      <good>   polled → unstructured_events.csv
[2026-06-13T23:09:12+07:00] pg         <good>   polled → pg_events.csv
[2026-06-13T23:09:13+07:00] mongo      <good>   polled → mongo_events.csv
[2026-06-13T23:09:13+07:00] unstr      <good>   polled → unstructured_events.csv
[2026-06-13T23:09:23+07:00] pg         <good>   polled → pg_events.csv
[2026-06-13T23:09:24+07:00] mongo      <good>   polled → mongo_events.csv
[2026-06-13T23:09:24+07:00] unstr      <good>   polled → unstructured_events.csv
[2026-06-13T23:09:34+07:00] pg         <good>   polled → pg_events.csv
[2026-06-13T23:09:35+07:00] mongo      <good>   polled → mongo_events.csv
[2026-06-13T23:09:35+07:00] unstr      <good>   polled → unstructured_events.csv
[2026-06-13T23:09:45+07:00] pg         <good>   polled → pg_events.csv
[2026-06-13T23:09:46+07:00] mongo      <good>   polled → mongo_events.csv
[2026-06-13T23:09:46+07:00] unstr      <good>   polled → unstructured_events.csv
[2026-06-13T23:09:56+07:00] pg         <good>   polled → pg_events.csv
[2026-06-13T23:09:57+07:00] mongo      <good>   polled → mongo_events.csv
[2026-06-13T23:09:57+07:00] unstr      <good>   polled → unstructured_events.csv
[2026-06-13T23:10:07+07:00] pg         <good>   polled → pg_events.csv
[2026-06-13T23:10:08+07:00] mongo      <good>   polled → mongo_events.csv
[2026-06-13T23:10:08+07:00] unstr      <good>   polled → unstructured_events.csv
[2026-06-13T23:10:18+07:00] pg         <good>   polled → pg_events.csv
[2026-06-13T23:10:19+07:00] mongo      <good>   polled → mongo_events.csv
[2026-06-13T23:10:19+07:00] unstr      <good>   polled → unstructured_events.csv
[2026-06-13T23:10:29+07:00] pg         <good>   polled → pg_events.csv
[2026-06-13T23:10:30+07:00] mongo      <good>   polled → mongo_events.csv
[2026-06-13T23:10:30+07:00] unstr      <good>   polled → unstructured_events.csv
[2026-06-13T23:10:40+07:00] pg         <good>   polled → pg_events.csv
[2026-06-13T23:10:41+07:00] mongo      <good>   polled → mongo_events.csv
[2026-06-13T23:10:41+07:00] unstr      <good>   polled → unstructured_events.csv
[2026-06-13T23:10:51+07:00] pg         <good>   polled → pg_events.csv
[2026-06-13T23:10:52+07:00] mongo      <good>   polled → mongo_events.csv
[2026-06-13T23:10:52+07:00] unstr      <good>   polled → unstructured_events.csv
[2026-06-13T23:11:02+07:00] pg         <good>   polled → pg_events.csv
[2026-06-13T23:11:03+07:00] mongo      <good>   polled → mongo_events.csv
[2026-06-13T23:11:03+07:00] unstr      <good>   polled → unstructured_events.csv
[2026-06-13T23:11:13+07:00] pg         <good>   polled → pg_events.csv
[2026-06-13T23:11:14+07:00] mongo      <good>   polled → mongo_events.csv
[2026-06-13T23:11:14+07:00] unstr      <good>   polled → unstructured_events.csv
[2026-06-13T23:11:25+07:00] pg         <good>   polled → pg_events.csv
[2026-06-13T23:11:26+07:00] mongo      <good>   polled → mongo_events.csv
[2026-06-13T23:11:26+07:00] unstr      <good>   polled → unstructured_events.csv
[2026-06-13T23:11:36+07:00] pg         <good>   polled → pg_events.csv
[2026-06-13T23:11:37+07:00] mongo      <good>   polled → mongo_events.csv
[2026-06-13T23:11:37+07:00] unstr      <good>   polled → unstructured_events.csv
[2026-06-13T23:11:47+07:00] pg         <good>   polled → pg_events.csv
[2026-06-13T23:11:48+07:00] mongo      <good>   polled → mongo_events.csv
[2026-06-13T23:11:48+07:00] unstr      <good>   polled → unstructured_events.csv
[2026-06-13T23:11:58+07:00] pg         <good>   polled → pg_events.csv
[2026-06-13T23:11:59+07:00] mongo      <good>   polled → mongo_events.csv
[2026-06-13T23:11:59+07:00] unstr      <good>   polled → unstructured_events.csv
[2026-06-13T23:12:09+07:00] pg         <good>   polled → pg_events.csv
[2026-06-13T23:12:10+07:00] mongo      <good>   polled → mongo_events.csv
[2026-06-13T23:12:10+07:00] unstr      <good>   polled → unstructured_events.csv
[2026-06-13T23:12:20+07:00] pg         <good>   polled → pg_events.csv
[2026-06-13T23:12:21+07:00] mongo      <good>   polled → mongo_events.csv
[2026-06-13T23:12:21+07:00] unstr      <good>   polled → unstructured_events.csv
[2026-06-13T23:12:31+07:00] pg         <good>   polled → pg_events.csv
[2026-06-13T23:12:32+07:00] mongo      <good>   polled → mongo_events.csv
[2026-06-13T23:12:32+07:00] unstr      <good>   polled → unstructured_events.csv
[2026-06-13T23:12:42+07:00] pg         <good>   polled → pg_events.csv
[2026-06-13T23:12:43+07:00] mongo      <good>   polled → mongo_events.csv
[2026-06-13T23:12:43+07:00] unstr      <good>   polled → unstructured_events.csv
[2026-06-13T23:12:53+07:00] pg         <good>   polled → pg_events.csv
[2026-06-13T23:12:54+07:00] mongo      <good>   polled → mongo_events.csv
[2026-06-13T23:12:54+07:00] unstr      <good>   polled → unstructured_events.csv
[2026-06-13T23:13:04+07:00] pg         <good>   polled → pg_events.csv
[2026-06-13T23:13:04+07:00] mongo      <good>   polled → mongo_events.csv
[2026-06-13T23:13:04+07:00] unstr      <good>   polled → unstructured_events.csv
[2026-06-13T23:13:15+07:00] pg         <good>   polled → pg_events.csv
[2026-06-13T23:13:15+07:00] mongo      <good>   polled → mongo_events.csv
[2026-06-13T23:13:15+07:00] unstr      <good>   polled → unstructured_events.csv
[2026-06-13T23:13:25+07:00] pg         <good>   polled → pg_events.csv
[2026-06-13T23:13:26+07:00] mongo      <good>   polled → mongo_events.csv
[2026-06-13T23:13:26+07:00] unstr      <good>   polled → unstructured_events.csv
[2026-06-13T23:13:36+07:00] pg         <good>   polled → pg_events.csv
[2026-06-13T23:13:37+07:00] mongo      <good>   polled → mongo_events.csv
[2026-06-13T23:13:37+07:00] unstr      <good>   polled → unstructured_events.csv
[2026-06-13T23:13:47+07:00] pg         <good>   polled → pg_events.csv
[2026-06-13T23:13:48+07:00] mongo      <good>   polled → mongo_events.csv
[2026-06-13T23:13:48+07:00] unstr      <good>   polled → unstructured_events.csv
[2026-06-13T23:13:58+07:00] pg         <good>   polled → pg_events.csv
[2026-06-13T23:13:59+07:00] mongo      <good>   polled → mongo_events.csv
[2026-06-13T23:13:59+07:00] unstr      <good>   polled → unstructured_events.csv
[2026-06-13T23:14:09+07:00] pg         <good>   polled → pg_events.csv
[2026-06-13T23:14:10+07:00] mongo      <good>   polled → mongo_events.csv
[2026-06-13T23:14:10+07:00] unstr      <good>   polled → unstructured_events.csv
[2026-06-13T23:14:18+0700] main       <log>    ━━━━━━━━━━━━━━━━━━━━━━━━━━━━━━━━━━━━━━━━━━━━━━━━━━━━━━━━━━━━━
[2026-06-13T23:14:18+0700] main       <log>    VM1 → VM2 Restore Request
[2026-06-13T23:14:18+0700] main       <log>      version : chain-v2
[2026-06-13T23:14:18+0700] main       <log>      chain   : 7
[2026-06-13T23:14:18+0700] main       <log>      source  : local
[2026-06-13T23:14:18+0700] main       <log>      push→vm1: true
[2026-06-13T23:14:18+0700] main       <log>    ━━━━━━━━━━━━━━━━━━━━━━━━━━━━━━━━━━━━━━━━━━━━━━━━━━━━━━━━━━━━━
[2026-06-13T23:14:18+0700] main       <info>   Checking SSH to VM2 (recovery@192.168.10.129) …
[2026-06-13T23:14:19+0700] main       <good>   SSH OK
[2026-06-13T23:14:19+0700] main       <info>   Request ID: restore-1781367259-60132a
[2026-06-13T23:14:19+0700] main       <info>   Request JSON:
[2026-06-13T23:14:19+0700] main       <info>   Sending request to VM2 …
[2026-06-13T23:14:19+0700] main       <good>   Request dropped: /home/recovery/local-backup/restore-requests/restore-1781367259-60132a.json
[2026-06-13T23:14:19+0700] main       <info>   Polling VM2 for completion (timeout=600s, interval=3s) …
[2026-06-13T23:14:20+0700] main       <info>     VM2 is processing… (0s elapsed)
[2026-06-13T23:14:20+07:00] pg         <good>   polled → pg_events.csv
[2026-06-13T23:14:21+07:00] mongo      <good>   polled → mongo_events.csv
[2026-06-13T23:14:21+07:00] unstr      <good>   polled → unstructured_events.csv
[2026-06-13T23:14:23+0700] main       <info>     VM2 is processing… (3s elapsed)
[2026-06-13T23:14:27+0700] main       <info>     VM2 is processing… (6s elapsed)
[2026-06-13T23:14:30+0700] main       <good>   VM2 restore complete.
[2026-06-13T23:14:30+0700] main       <info>   Cycles received in /home/primary/data/backup-incoming/chain-v2/:
[2026-06-13T23:14:30+0700] main       <good>   7 cycle(s) ready in backup-incoming
[2026-06-13T23:14:30+0700] main       <info>   Bumping chain version in state DB …
[2026-06-13T23:14:30+0700] main       <good>   Chain version bumped → chain-v6
[2026-06-13T23:14:30+0700] main       <info>   Next backup cycle will write to backup-cycles/chain-v6/
[2026-06-13T23:14:30+0700] main       <log>    ━━━━━━━━━━━━━━━━━━━━━━━━━━━━━━━━━━━━━━━━━━━━━━━━━━━━━━━━━━━━━
[2026-06-13T23:14:30+0700] main       <good>   Restore data is ready. Run this to replay into live DBs:
[2026-06-13T23:14:30+0700] main       <log>    ━━━━━━━━━━━━━━━━━━━━━━━━━━━━━━━━━━━━━━━━━━━━━━━━━━━━━━━━━━━━━
[2026-06-13T23:14:31+07:00] pg         <good>   polled → pg_events.csv
[2026-06-13T23:14:32+07:00] mongo      <good>   polled → mongo_events.csv
[2026-06-13T23:14:32+07:00] unstr      <good>   polled → unstructured_events.csv
[2026-06-13T23:14:42+07:00] pg         <good>   polled → pg_events.csv
[2026-06-13T23:14:43+07:00] mongo      <good>   polled → mongo_events.csv
[2026-06-13T23:14:43+07:00] unstr      <good>   polled → unstructured_events.csv
[2026-06-13T23:14:53+07:00] pg         <good>   polled → pg_events.csv
[2026-06-13T23:14:54+07:00] mongo      <good>   polled → mongo_events.csv
[2026-06-13T23:14:54+07:00] unstr      <good>   polled → unstructured_events.csv
[2026-06-13T23:15:04+07:00] pg         <good>   polled → pg_events.csv
[2026-06-13T23:15:05+07:00] mongo      <good>   polled → mongo_events.csv
[2026-06-13T23:15:05+07:00] unstr      <good>   polled → unstructured_events.csv
[2026-06-13T23:15:15+07:00] pg         <good>   polled → pg_events.csv
[2026-06-13T23:15:16+07:00] mongo      <good>   polled → mongo_events.csv
[2026-06-13T23:15:16+07:00] unstr      <good>   polled → unstructured_events.csv
[2026-06-13T23:15:26+07:00] pg         <good>   polled → pg_events.csv
[2026-06-13T23:15:27+07:00] mongo      <good>   polled → mongo_events.csv
[2026-06-13T23:15:27+07:00] unstr      <good>   polled → unstructured_events.csv
[2026-06-13T23:15:37+07:00] pg         <good>   polled → pg_events.csv
[2026-06-13T23:15:38+07:00] mongo      <good>   polled → mongo_events.csv
[2026-06-13T23:15:38+07:00] unstr      <good>   polled → unstructured_events.csv
[2026-06-13T23:15:48+07:00] pg         <good>   polled → pg_events.csv
[2026-06-13T23:15:49+07:00] mongo      <good>   polled → mongo_events.csv
[2026-06-13T23:15:49+07:00] unstr      <good>   polled → unstructured_events.csv
[2026-06-13T23:15:59+07:00] pg         <good>   polled → pg_events.csv
[2026-06-13T23:16:00+07:00] mongo      <good>   polled → mongo_events.csv
[2026-06-13T23:16:00+07:00] unstr      <good>   polled → unstructured_events.csv
[2026-06-13T23:16:10+07:00] pg         <good>   polled → pg_events.csv
[2026-06-13T23:16:11+07:00] mongo      <good>   polled → mongo_events.csv
[2026-06-13T23:16:11+07:00] unstr      <good>   polled → unstructured_events.csv
[2026-06-13T23:16:21+07:00] pg         <good>   polled → pg_events.csv
[2026-06-13T23:16:22+07:00] mongo      <good>   polled → mongo_events.csv
[2026-06-13T23:16:22+07:00] unstr      <good>   polled → unstructured_events.csv
[2026-06-13T23:16:32+07:00] pg         <good>   polled → pg_events.csv
[2026-06-13T23:16:33+07:00] mongo      <good>   polled → mongo_events.csv
[2026-06-13T23:16:33+07:00] unstr      <good>   polled → unstructured_events.csv
[2026-06-13T23:16:43+07:00] pg         <good>   polled → pg_events.csv
[2026-06-13T23:16:44+07:00] mongo      <good>   polled → mongo_events.csv
[2026-06-13T23:16:44+07:00] unstr      <good>   polled → unstructured_events.csv
[2026-06-13T23:16:54+07:00] pg         <good>   polled → pg_events.csv
[2026-06-13T23:16:55+07:00] mongo      <good>   polled → mongo_events.csv
[2026-06-13T23:16:55+07:00] unstr      <good>   polled → unstructured_events.csv
[2026-06-13T23:17:05+07:00] pg         <good>   polled → pg_events.csv
[2026-06-13T23:17:06+07:00] mongo      <good>   polled → mongo_events.csv
[2026-06-13T23:17:06+07:00] unstr      <good>   polled → unstructured_events.csv
[2026-06-13T23:17:16+07:00] pg         <good>   polled → pg_events.csv
[2026-06-13T23:17:17+07:00] mongo      <good>   polled → mongo_events.csv
[2026-06-13T23:17:17+07:00] unstr      <good>   polled → unstructured_events.csv
[2026-06-13T23:17:28+07:00] pg         <good>   polled → pg_events.csv
[2026-06-13T23:17:28+07:00] mongo      <good>   polled → mongo_events.csv
[2026-06-13T23:17:28+07:00] unstr      <good>   polled → unstructured_events.csv
[2026-06-13T23:17:39+07:00] pg         <good>   polled → pg_events.csv
[2026-06-13T23:17:39+07:00] mongo      <good>   polled → mongo_events.csv
[2026-06-13T23:17:39+07:00] unstr      <good>   polled → unstructured_events.csv
[2026-06-13T23:17:50+07:00] pg         <good>   polled → pg_events.csv
[2026-06-13T23:17:50+07:00] mongo      <good>   polled → mongo_events.csv
[2026-06-13T23:17:50+07:00] unstr      <good>   polled → unstructured_events.csv
[2026-06-13T23:18:01+07:00] pg         <good>   polled → pg_events.csv
[2026-06-13T23:18:01+07:00] mongo      <good>   polled → mongo_events.csv
[2026-06-13T23:18:01+07:00] unstr      <good>   polled → unstructured_events.csv
[2026-06-13T23:18:11+07:00] pg         <good>   polled → pg_events.csv
[2026-06-13T23:18:12+07:00] mongo      <good>   polled → mongo_events.csv
[2026-06-13T23:18:12+07:00] unstr      <good>   polled → unstructured_events.csv
[2026-06-13T23:18:22+07:00] pg         <good>   polled → pg_events.csv
[2026-06-13T23:18:23+07:00] mongo      <good>   polled → mongo_events.csv
[2026-06-13T23:18:23+07:00] unstr      <good>   polled → unstructured_events.csv
[2026-06-13T23:18:33+07:00] pg         <good>   polled → pg_events.csv
[2026-06-13T23:18:34+07:00] mongo      <good>   polled → mongo_events.csv
[2026-06-13T23:18:34+07:00] unstr      <good>   polled → unstructured_events.csv
[2026-06-13T23:18:44+07:00] pg         <good>   polled → pg_events.csv
[2026-06-13T23:18:45+07:00] mongo      <good>   polled → mongo_events.csv
[2026-06-13T23:18:45+07:00] unstr      <good>   polled → unstructured_events.csv
[2026-06-13T23:18:55+07:00] pg         <good>   polled → pg_events.csv
[2026-06-13T23:18:56+07:00] mongo      <good>   polled → mongo_events.csv
[2026-06-13T23:18:56+07:00] unstr      <good>   polled → unstructured_events.csv
[2026-06-13T23:19:06+07:00] pg         <good>   polled → pg_events.csv
[2026-06-13T23:19:07+07:00] mongo      <good>   polled → mongo_events.csv
[2026-06-13T23:19:07+07:00] unstr      <good>   polled → unstructured_events.csv
[2026-06-13T23:19:17+07:00] pg         <good>   polled → pg_events.csv
[2026-06-13T23:19:18+07:00] mongo      <good>   polled → mongo_events.csv
[2026-06-13T23:19:18+07:00] unstr      <good>   polled → unstructured_events.csv
[2026-06-13T23:19:28+07:00] pg         <good>   polled → pg_events.csv
[2026-06-13T23:19:29+07:00] mongo      <good>   polled → mongo_events.csv
[2026-06-13T23:19:29+07:00] unstr      <good>   polled → unstructured_events.csv
[2026-06-13T23:19:39+07:00] pg         <good>   polled → pg_events.csv
[2026-06-13T23:19:40+07:00] mongo      <good>   polled → mongo_events.csv
[2026-06-13T23:19:40+07:00] unstr      <good>   polled → unstructured_events.csv
[2026-06-13T23:19:50+07:00] pg         <good>   polled → pg_events.csv
[2026-06-13T23:19:51+07:00] mongo      <good>   polled → mongo_events.csv
[2026-06-13T23:19:51+07:00] unstr      <good>   polled → unstructured_events.csv
[2026-06-13T23:20:02+07:00] pg         <good>   polled → pg_events.csv
[2026-06-13T23:20:02+07:00] mongo      <good>   polled → mongo_events.csv
[2026-06-13T23:20:02+07:00] unstr      <good>   polled → unstructured_events.csv
[2026-06-13T23:20:13+07:00] pg         <good>   polled → pg_events.csv
[2026-06-13T23:20:13+07:00] mongo      <good>   polled → mongo_events.csv
[2026-06-13T23:20:13+07:00] unstr      <good>   polled → unstructured_events.csv
[2026-06-13T23:20:23+07:00] pg         <good>   polled → pg_events.csv
[2026-06-13T23:20:24+07:00] mongo      <good>   polled → mongo_events.csv
[2026-06-13T23:20:24+07:00] unstr      <good>   polled → unstructured_events.csv
[2026-06-13T23:20:34+07:00] pg         <good>   polled → pg_events.csv
[2026-06-13T23:20:35+07:00] mongo      <good>   polled → mongo_events.csv
[2026-06-13T23:20:35+07:00] unstr      <good>   polled → unstructured_events.csv
[2026-06-13T23:20:45+07:00] pg         <good>   polled → pg_events.csv
[2026-06-13T23:20:47+07:00] mongo      <good>   polled → mongo_events.csv
[2026-06-13T23:20:47+07:00] unstr      <good>   polled → unstructured_events.csv
[2026-06-13T23:20:57+07:00] pg         <good>   polled → pg_events.csv
[2026-06-13T23:20:58+07:00] mongo      <good>   polled → mongo_events.csv
[2026-06-13T23:20:58+07:00] unstr      <good>   polled → unstructured_events.csv
[2026-06-13T23:21:08+07:00] pg         <good>   polled → pg_events.csv
[2026-06-13T23:21:09+07:00] mongo      <good>   polled → mongo_events.csv
[2026-06-13T23:21:09+07:00] unstr      <good>   polled → unstructured_events.csv
[2026-06-13T23:21:19+07:00] pg         <good>   polled → pg_events.csv
[2026-06-13T23:21:20+07:00] mongo      <good>   polled → mongo_events.csv
[2026-06-13T23:21:20+07:00] unstr      <good>   polled → unstructured_events.csv
[2026-06-13T23:21:30+07:00] pg         <good>   polled → pg_events.csv
[2026-06-13T23:21:31+07:00] mongo      <good>   polled → mongo_events.csv
[2026-06-13T23:21:31+07:00] unstr      <good>   polled → unstructured_events.csv
[2026-06-13T23:21:41+07:00] pg         <good>   polled → pg_events.csv
[2026-06-13T23:21:42+07:00] mongo      <good>   polled → mongo_events.csv
[2026-06-13T23:21:42+07:00] unstr      <good>   polled → unstructured_events.csv
[2026-06-13T23:21:52+07:00] pg         <good>   polled → pg_events.csv
[2026-06-13T23:21:53+07:00] mongo      <good>   polled → mongo_events.csv
[2026-06-13T23:21:53+07:00] unstr      <good>   polled → unstructured_events.csv
[2026-06-13T23:22:03+07:00] pg         <good>   polled → pg_events.csv
[2026-06-13T23:22:04+07:00] mongo      <good>   polled → mongo_events.csv
[2026-06-13T23:22:04+07:00] unstr      <good>   polled → unstructured_events.csv
[2026-06-13T23:22:14+07:00] pg         <good>   polled → pg_events.csv
[2026-06-13T23:22:15+07:00] mongo      <good>   polled → mongo_events.csv
[2026-06-13T23:22:15+07:00] unstr      <good>   polled → unstructured_events.csv
[2026-06-13T23:22:25+07:00] pg         <good>   polled → pg_events.csv
[2026-06-13T23:22:26+07:00] mongo      <good>   polled → mongo_events.csv
[2026-06-13T23:22:26+07:00] unstr      <good>   polled → unstructured_events.csv
